institution,institution_type,statut,titre,description,type,pays,regions_ciblees,date_limite_candidature,date_debut,duree,remuneration,nombre_places,secteurs,criteres_eligibilite,contact_email_enrichi,lien_externe,origine_initiative
ORANGE CORNERS CI,INCUBATEUR_ACCELERATEUR,Ouvert,Programme Orange Corners CI,Programme d'incubation de 6 mois pour solutions écologiques et innovantes dans les chaînes de valeur cacao et horticulture,INCUBATION,Côte d'Ivoire,National,Continu,Cycles 6 mois,6 mois,Formation gratuite + accompagnement,20 par cohorte,AGRICULTURE;ENVIRONNEMENT,"Pour être éligible, le candidat doit être âgé de 18 à 35 ans, résider en Côte d'Ivoire, et porter un projet ou une entreprise innovante dans les secteurs du cacao ou de l'horticulture, créée depuis moins de 24 mois. Le chiffre d'affaires annuel de l'entreprise doit être inférieur à 5 millions de FCFA. Le porteur de projet doit disposer d'au minimum un niveau Bac ou équivalent. Le projet doit présenter une dimension écologique ou innovante clairement définie. Une motivation forte et la disponibilité à s'engager pleinement dans le programme sont également requises.",info@orangecornersivoire.com,orangecorners.com,PRIVE
MTN CI,INCUBATEUR_ACCELERATEUR,Ouvert,Y'ello Startup MTN CI,Programme en 2 phases: 3 mois incubation + 3 mois accélération pour solutions digitales sur plateformes MTN,INCUBATION,Côte d'Ivoire,National,Continu,Cycles réguliers,6 mois,Jusqu'à 7 millions FCFA (1er prix) + 2M FCFA prix Agritech,60 incubation / 20 accélération,NUMERIQUE;FINANCE,"Sont éligibles les startups ou projets digitaux innovants en phase de démarrage ou de développement, capables de proposer des solutions technologiques intégrables aux plateformes MTN (telles que Mobile Money, SMS, USSD, API de télécommunications). Les candidats doivent démontrer un fort potentiel de croissance, une équipe engagée, et une solution répondant à un besoin réel du marché ivoirien. La maîtrise du français est recommandée pour faciliter les échanges durant le programme.",startup@mtnci.com,yellostartup.mtn.ci,PRIVE
ORANGE FAB CI,INCUBATEUR_ACCELERATEUR,Ouvert,Orange Fab CI 9e édition,Accélérateur corporate du Groupe Orange avec accès aux APIs Orange,ACCELERATION,Côte d'Ivoire,National,En cours,2025,4 mois,10 millions FCFA par startup + support technique,6 startups par saison,NUMERIQUE;FINANCE;SANTE,"Sont éligibles les startups innovantes, déjà établies en Côte d'Ivoire ou dans la région, proposant des solutions technologiques compatibles avec les services et APIs du Groupe Orange. Les startups doivent démontrer un potentiel de croissance, une équipe solide, ainsi qu'une capacité à collaborer étroitement avec Orange pour co-développer des solutions adaptées aux besoins du marché.",orangefab.ci@orange.com,orangefab.ci,PRIVE
ABX ACCEL,INCUBATEUR_ACCELERATEUR,Ouvert,ABX Accelerator,Programme intensif de 16 semaines + 12 mois de suivi post-accélération,ACCELERATION,Côte d'Ivoire,National,Trimestriel,Cohortes régulières,16 semaines + 12 mois,Jusqu'à 200 000 USD (120M FCFA) pour top 2,15 startups par cohorte,NUMERIQUE;TOUS_SECTEURS,"Les startups doivent être établies depuis au moins 2 ans, disposer d'un MVP ou prototype fonctionnel, avoir un marché identifié avec des clients actifs ou des preuves de traction commerciale, et démontrer un potentiel de croissance scalable. Une équipe fondatrice engagée et une capacité à s'investir pleinement dans le programme sont également requises.",contact@abxacceler.com,abxaccel.com,PRIVE
TEF,FONDS_INVESTISSEMENT,Ouvert,Tony Elumelu Foundation 2025,Programme entrepreneurial panafricain avec capital de démarrage et formation intensive,FINANCEMENT,Côte d'Ivoire,National,01/03/2025,01/09/2025,12 semaines formation + suivi,5000 USD capital non-remboursable,Illimité pour CI,TOUS_SECTEURS,"Être âgé de 18 ans ou plus, être citoyen d'un pays africain, avoir une idée d'entreprise solide ou une entreprise existante de moins de 5 ans, ne jamais avoir bénéficié auparavant du programme TEF, disposer d'une forte motivation à entreprendre et d'un engagement à suivre la formation complète.",info@tonyelumelufoundation.org,tefconnect.com,PRIVE
COMOE CAPITAL,FONDS_INVESTISSEMENT,Ouvert,Fonds Comoé Capital,Fonds d'investissement pour startups et PME à fort potentiel avec coaching personnalisé,FINANCEMENT,Côte d'Ivoire,National,Continu,Continu,Variable,20 à 300 millions FCFA,4-5 entreprises/an,TOUS_SECTEURS,"Être entrepreneur ivoirien ou avoir une entreprise enregistrée en Côte d'Ivoire, justifier d'une croissance prouvée par des indicateurs financiers ou commerciaux solides, opérer dans n'importe quel secteur d'activité, présenter un modèle économique viable et scalable, démontrer un besoin clair de financement pour accélérer la croissance, et être ouvert à un accompagnement stratégique et opérationnel.",contact@comoecapital.ci,comoecapital.com,PRIVE
JANNGO CAPITAL,FONDS_INVESTISSEMENT,Ouvert,Janngo Capital Startup Fund,Fonds d'investissement avec focus 50% femmes entrepreneures,FINANCEMENT,Côte d'Ivoire,National,Continu,Continu,Variable,50 000 à 5 000 000 euros (33M à 3.3 milliards FCFA),Variable,NUMERIQUE;FINANCE;SANTE,"Les startups doivent être en phase early-stage (pré-amorçage ou amorçage), avoir une équipe incluant au moins une femme entrepreneure en position clé, et proposer une solution innovante répondant à un problème de marché clairement identifié. Le fonds privilégie les entreprises avec un fort potentiel de croissance et un impact social positif. Les secteurs d'activité ne sont pas limités, mais une attention particulière est portée aux projets favorisant l'inclusion et l'autonomisation des femmes.",contact@janngocapital.com,https://www.janngo.com/,PRIVE
PROJET GENIE,ASSOCIATION_ENTREPRENEURIALE,À venir,Projet GENIE,Autonomisation économique des jeunes par l'entrepreneuriat vert et la transformation numérique,FORMATION,Côte d'Ivoire,National,Continu,Février 2025,Jusqu'en 2027,Formation gratuite,45 000 jeunes d'ici 2027,NUMERIQUE;ENVIRONNEMENT;AGRICULTURE,"Jeunes résidents en Côte d'Ivoire âgés de 18 à 35 ans, motivés par l'entrepreneuriat, particulièrement dans les domaines de l'économie verte et de la transformation numérique. Les candidats doivent être disponibles pour suivre la formation sur toute sa durée et démontrer un intérêt pour le développement durable et les solutions technologiques.",contact@projetgenie.ci,agenceemploijeunes.ci,PUBLIC
AEJ,MINISTERE_AGENCE,Ouvert,Programme Jeunesse Gouvernement 2025,Programme national de formation et insertion professionnelle,FORMATION,Côte d'Ivoire,National,Continu,2025,2023-2025,Variable selon programme,600 000 jeunes en 2025,TOUS_SECTEURS,"Être âgé de 18 à 40 ans, posséder la nationalité ivoirienne, être inscrit comme demandeur d'emploi ou en recherche active d'emploi, et avoir un niveau d'études minimum requis selon la filière de formation choisie (généralement niveau BEPC ou équivalent). Priorité donnée aux jeunes issus des zones rurales et aux personnes en situation de vulnérabilité.",contact@aej.ci,agenceemploijeunes.ci,PUBLIC
FNJ,MICROFINANCE,Ouvert,Fonds National de la Jeunesse,Financement de projets individuels et collectifs de jeunes,FINANCEMENT,Côte d'Ivoire,National,Continu,Continu,Variable,Prêts et subventions variables,510 projets visés,TOUS_SECTEURS,"Être âgé de 21 à 35 ans, posséder une carte jeune valide au moment de la demande, présenter un projet concret et réalisable, individuel ou collectif, en lien avec les objectifs du FNJ. Les porteurs de projet doivent résider sur le territoire national et s'engager à rendre compte de l'utilisation des fonds alloués.",contact@fnj.fr,jeunesse.gouv.ci,PUBLIC
AEJ,MINISTERE_AGENCE,Ouvert,Fonds Arts et Culture,Financement de projets culturels et créatifs,FINANCEMENT,Côte d'Ivoire,National,Continu,2025,Variable,1 à 20 millions FCFA,100 projets,MEDIAS;CULTURE,"Peuvent candidater les porteurs de projets âgés de 18 à 55 ans, résidant en France ou dans un pays francophone, présentant un projet culturel ou créatif original. Les projets doivent être en phase de développement ou de production et démontrer une dimension innovante ou sociale. Les candidatures collectives sont acceptées si un leader principal est identifié.",contact@aejculture.org,agenceemploijeunes.ci,PUBLIC
#CI20,ASSOCIATION_ENTREPRENEURIALE,Ouvert,Startup Boost Capital,Initiative gouvernementale pour entreprises innovantes à forte composante technologique,FINANCEMENT,Côte d'Ivoire,National,Continu,2025,12-60 mois,À partir de 1 million FCFA à 8% TTC/an,Variable,NUMERIQUE,"Peuvent postuler les entrepreneurs âgés de 18 à 40 ans, porteurs d'une startup générant des revenus depuis au moins 2 ans ou disposant d'un projet innovant validé par un comité d'experts. Les startups doivent démontrer un fort potentiel technologique et une stratégie claire de développement. Les entreprises en phase d'amorçage ou de croissance sont éligibles, à condition de présenter un business plan solide et des preuves de concept ou prototype fonctionnel.",contact@ci20-startupboost.gov,agenceemploijeunes.ci,PUBLIC
BANQUE MONDIALE,ORGANISATION_INTERNATIONALE,Ouvert,Young Professionals Program 2025,Programme de développement professionnel à la Banque Mondiale,FORMATION,Côte d'Ivoire,National,01/09/2025,08/09/2025,12 mois renouvelables jusqu'à 3 ans,Salaire compétitif,Variable,FINANCE;PUBLIC,"Les candidats doivent être titulaires d'un diplôme de Master ou équivalent dans un domaine pertinent (économie, finance, gestion, ingénierie, sciences sociales, environnement, etc.). Ils doivent avoir moins de 32 ans au 1er juillet de l'année de candidature, posséder une excellente maîtrise de l'anglais (niveau C1 minimum), et justifier d'une expérience professionnelle pertinente de 2 à 3 ans dans un secteur lié au développement international ou à la finance. La nationalité doit être celle d'un pays membre de la Banque Mondiale, et les candidats doivent démontrer un fort engagement envers les objectifs de développement durable.",ypp@worldbank.org,worldbank.org,INTERNATIONAL
PNUD CI,ORGANISATION_INTERNATIONALE,Ouvert,Programme Innovation Entrepreneuriale,Création d'emplois et soutien aux jeunes entrepreneurs dans le secteur numérique,INCUBATION,Côte d'Ivoire,National,Continu,2025,Variable,Financement variable,300 jeunes secteur numérique,NUMERIQUE;IMPACT_SOCIAL,"Être âgé de 18 à 35 ans, être porteur d'un projet ou entrepreneur actif dans le secteur numérique ou technologique, résider en Côte d'Ivoire, démontrer un fort engagement et une motivation à développer son entreprise, et être disponible pour participer aux activités d'incubation proposées par le programme.",innovation.entrepreneuriale@undp.org,undp.org,INTERNATIONAL
AFD,ORGANISATION_INTERNATIONALE,Ouvert,Programme DÉFI Jeunes Phase 3,Programme d'employabilité et entrepreneuriat pour jeunes,FORMATION,Côte d'Ivoire,National,Continu,2025,Variable,Formation et accompagnement gratuits,20 000 jeunes,TOUS_SECTEURS,"Jeunes âgés de 18 à 35 ans, résidant en Côte d'Ivoire, motivés par une démarche d'insertion professionnelle ou de création d'entreprise, disposant d'un niveau minimum d'études secondaires ou équivalent, et disponibles pour suivre l'intégralité du programme de formation.",defijeunes@afd.fr,afd.fr,INTERNATIONAL
GIZ,CENTRE_FORMATION,Ouvert,Programme WE.CODE,Formation numérique intensive en développement full stack et cybersécurité,FORMATION,Côte d'Ivoire,National,Continu,2025,6 mois,Formation gratuite,300 jeunes,NUMERIQUE,"Jeunes âgés de 18 à 35 ans, résidant dans la zone d'intervention du programme, avec un intérêt marqué pour les technologies numériques et le développement informatique. Une connaissance de base en informatique est recommandée. La motivation à s'engager dans une formation intensive et la disponibilité pour toute la durée du programme sont également requises.",wecode@giz.de,wecode.ci,INTERNATIONAL
IMPACT HUB,HUB_INNOVATION,Ouvert,Programmes Impact Hub Abidjan,Hub d'innovation sociale avec programmes d'incubation et accélération pour projets à impact,INCUBATION,Côte d'Ivoire,National,Continu,Continu,Variable,Services payants et gratuits selon programme,Variable,IMPACT_SOCIAL;ENVIRONNEMENT,"Peuvent postuler les entrepreneurs et porteurs de projets basés en Côte d'Ivoire dont les initiatives ont un impact social et/ou environnemental clair. Les projets doivent être en phase de démarrage ou de développement, avec une forte volonté d'innovation et d'engagement communautaire. Une motivation à participer activement aux activités du Hub et à collaborer avec les autres membres est également requise.",abidjan@impacthub.net,abidjan.impacthub.net,PRIVE
HEC CHALLENGE,INCUBATEUR_ACCELERATEUR,Ouvert,HEC Challenge Plus Abidjan,Programme HEC Paris de 9 mois pour projets innovants à fort potentiel,ACCELERATION,Côte d'Ivoire,National,Périodique,Cycles réguliers,9 mois,Formation et accompagnement,Variable,NUMERIQUE;INDUSTRIE,"Le programme s'adresse aux entrepreneurs, ingénieurs, et porteurs de projets innovants dans les domaines technologiques (high-tech), disposant d'une idée ou d'un prototype avec un fort potentiel de marché. Les candidats doivent démontrer un engagement fort, une capacité à s'investir pleinement pendant la durée du programme et une volonté de croissance rapide. La priorité est donnée aux projets basés en Afrique, notamment en Côte d'Ivoire et dans la région ouest-africaine.",contact@hecchallengeplusabidjan.com,hec.fr,PRIVE
JOKKOLABS,HUB_INNOVATION,Ouvert,Jokkolabs Abidjan,Espace d'innovation collaborative et programmes d'accompagnement sur-mesure,INCUBATION, Côte d'Ivoire,National,Continu,Continu,Variable,Variable selon programme,Illimité,TOUS_SECTEURS,"Cette opportunité s'adresse à tous les entrepreneurs, porteurs de projets innovants, startups en phase de lancement ou de développement, ainsi qu'aux porteurs d'idées technologiques ou sociales souhaitant bénéficier d'un accompagnement structuré. Les candidats doivent démontrer un projet viable avec un potentiel de croissance et d'impact.",contact@jokkolabs.net,jokkolabs.net/abidjan,PRIVE
MEST,INCUBATEUR_ACCELERATEUR,Ouvert,MEST Abidjan,Programme intensif 1 an + fonds d'amorçage,INCUBATION, Côte d'Ivoire,National,Annuel,Annuel,1 an,50 000 à 200 000 USD pour meilleurs projets, 15 entrepreneurs ivoiriens,NUMERIQUE,"Le programme s'adresse aux jeunes entrepreneurs africains âgés de 18 à 35 ans, possédant une idée ou un projet technologique innovant à fort potentiel de croissance. Les candidats doivent démontrer une forte motivation, des compétences techniques ou entrepreneuriales, et être prêts à s'engager à temps plein pendant la durée du programme. La maîtrise de l'anglais est un atout.",info@meltwater.org,meltwater.org,PRIVE
CGECI ACCEL,ASSOCIATION_ENTREPRENEURIALE,Ouvert,CGECI Accélérateur,Programme du patronat ivoirien pour promotion entrepreneuriat,INCUBATION,Côte d'Ivoire,National,Continu,Continu,Variable,Formation et accompagnement,Variable,TOUS_SECTEURS,"Le programme s'adresse aux porteurs de projets innovants basés en Côte d'Ivoire, notamment les PME et startups en phase d'amorçage ou de croissance. Les candidats doivent démontrer la viabilité et l'impact potentiel de leur projet, avoir une équipe engagée, et être ouverts à un accompagnement structuré pour accélérer leur développement.",contact@cgeci.ci,cgeci.com,PRIVE
O VILLAGE,ESPACE_COWORKING,Ouvert,Village des Technologies,Espace d'intelligence collective et innovation numérique avec fablab,INCUBATION, Côte d'Ivoire,National,Continu,Continu,Variable,Formation gratuite logiciels libres,Illimité,NUMERIQUE,"Jeunes entrepreneurs âgés de 18 à 35 ans, sans emploi, porteurs de projets innovants dans le secteur des technologies numériques, motivés à développer leur startup et à participer activement aux activités du Village des Technologies. Une première idée ou prototype est un plus mais pas obligatoire.",contact@ovillage.tech,ovillage.ci,PRIVE
SEEDSPACE,HUB_INNOVATION,Ouvert,Seedspace Abidjan,Hub international d'innovation avec mentorat et formations,ACCELERATION, Côte d'Ivoire,National,Continu,Continu,Variable,Variable,Variable,NUMERIQUE,"Startups en phase early-stage ou growth-stage opérant dans les secteurs technologiques et numériques, basées en Afrique ou ciblant le marché africain, avec un produit ou service innovant. Les candidats doivent démontrer une équipe engagée, un prototype ou MVP fonctionnel, ainsi qu'un fort potentiel de scalabilité et d'impact.",contact@seedspaceabidjan.com,seedspace.co,PRIVE
FIN-ELLE,MICROFINANCE,Ouvert,Programme Fin'Elle COFINA,Microfinance 100% dédiée aux femmes entrepreneures,FINANCEMENT,Côte d'Ivoire,National,Continu,Continu,Maximum 36 mois,Jusqu'à 30 millions FCFA,17 000+ femmes accompagnées,TOUS_SECTEURS,"Être une femme entrepreneure majeure, résidente dans la zone de couverture de FIN ELLE, exerçant ou souhaitant démarrer une activité économique dans n'importe quel secteur. Le projet doit être viable avec un plan d'affaires clair. Avoir une pièce d'identité valide, justifier d'une adresse fixe, et fournir les documents administratifs et financiers requis. Les femmes sans antécédents de défaut de paiement auprès des institutions financières sont prioritaires.",service.clientfinelle@cofinacorp.com,fin-elle.com,PRIVE
ADVANS CI,MICROFINANCE,Ouvert,Crédit Advans CI,Crédits classiques et digitaux pour entrepreneurs,FINANCEMENT,Côte d'Ivoire,National,Continu,Continu,Variable,Variable selon projet,Illimité,TOUS_SECTEURS,"Peuvent bénéficier des crédits les entrepreneurs formels disposant d'une immatriculation légale ainsi que les entrepreneurs informels justifiant d'une activité commerciale stable. L'âge minimum requis est de 18 ans, sans limite d'âge maximale. Une évaluation de la capacité de remboursement et un plan d'affaires sont généralement demandés.",contact@advansci.com,advanscotedivoire.com,PRIVE
BAOBAB CI,MICROFINANCE,Ouvert,Microfinance Baobab CI,Leader microfinance CI avec prêts rapides,FINANCEMENT,Côte d'Ivoire,National,Continu,Continu,Variable,100 000 FCFA à 500 millions FCFA,Illimité,TOUS_SECTEURS,"Peuvent bénéficier des financements les entrepreneurs formels et informels basés en Côte d'Ivoire, sans restriction d'âge, disposant d'une activité économique viable et présentant un besoin de financement clair. Une évaluation de la capacité de remboursement et un dossier minimal sont requis pour l'accès au prêt.",contact@baobabci.com,baobab.com,PRIVE
KOLINVEST,MICROFINANCE,Ouvert,Plateforme Kolinvest,Financement participatif + formation entrepreneuriale,FINANCEMENT,Côte d'Ivoire,National,Continu,Continu,Variable,Variable selon campagne,Illimité,TOUS_SECTEURS,"Sont éligibles les jeunes entrepreneurs âgés de 18 à 35 ans, résidant dans la zone d'intervention de Kolinvest, qui souhaitent lancer ou développer une activité économique. L'initiative cible particulièrement les porteurs de projets innovants ou à fort impact social, et encourage la participation de personnes en situation de vulnérabilité économique ou sociale. Une motivation à suivre la formation entrepreneuriale proposée est également requise.",contact@kolinvest.org,kolinvest.ci,PRIVE
OUKALEY,FONDS_INVESTISSEMENT,Ouvert,Crowdfunding Oukaley,Première plateforme crowdfunding sécurisée d'Afrique,FINANCEMENT,Côte d'Ivoire,National,Continu,Continu,Variable,Variable selon campagne,Illimité,TOUS_SECTEURS,"Peuvent postuler les entrepreneurs de tous secteurs d'activité, ayant au minimum 3 ans d'expérience avec des revenus stables et vérifiables. Les projets doivent démontrer un potentiel de croissance et une stratégie claire de développement. La plateforme privilégie les initiatives à fort impact social, économique ou environnemental.",contact@oukaley.com,oukaley.com,PRIVE
IVOIRE ANGELS,FONDS_INVESTISSEMENT,Ouvert,Réseau Ivoire Angels,Premier réseau business angels CI,FINANCEMENT,Côte d'Ivoire,National,Continu,Continu,Variable,Variable selon projet,Variable,TOUS_SECTEURS,"Les projets doivent présenter un plan d'affaires solide, démontrer un potentiel de retour sur investissement d'au moins 5 fois en 5 ans, avoir une équipe engagée et compétente, ainsi qu'un produit ou service innovant répondant à un besoin clair sur le marché ivoirien ou régional.",contact@ivoireangels.ci,ivoireangels.com,PRIVE
DIGITAL AFRICA,FONDS_INVESTISSEMENT,Ouvert,Programme Fuzé,Investissement equity pour startups tech francophones,FINANCEMENT,Côte d'Ivoire,National,Continu,Continu,Variable,20 000 à 100 000 euros,30 startups/an,NUMERIQUE,"Peuvent candidater les startups technologiques francophones ayant une activité principale en Afrique, disposant d'une équipe fondatrice solide, d'un produit ou service innovant dans le secteur digital, et démontrant une traction commerciale ou un potentiel de marché significatif à l'échelle continentale. Les startups doivent être légalement constituées en Afrique et viser une opération couvrant plusieurs pays du continent.",contact@digitalafrica.co,digital-africa.co,INTERNATIONAL
AFRICA HEROES,INCUBATEUR_ACCELERATEUR,Ouvert,Africa's Business Heroes 2025,Concours continental Jack Ma Foundation,CONCOURS,Côte d'Ivoire,National,08/06/2025,2025,Annuel,Total 1.5M USD (300 000 USD 1er prix),10 finalistes continent,TOUS_SECTEURS,"Le concours est ouvert aux fondateurs ou co-fondateurs d'entreprises basées en Afrique, qui sont citoyens africains. L'entreprise doit être opérationnelle depuis au moins 3 ans et générer des revenus. Les candidats doivent démontrer un impact social ou économique positif, une vision claire pour la croissance future, ainsi qu'une capacité à utiliser les fonds pour accélérer le développement de leur entreprise.",info@africabusinessheroes.org,africabusinessheroes.org,INTERNATIONAL
ANZISHA PRIZE,ASSOCIATION_ENTREPRENEURIALE,À venir,Anzisha Prize 2026,Programme fellowship 3 ans pour très jeunes entrepreneurs,CONCOURS,Côte d'Ivoire,National,2026,2026,3 ans,50 000 USD répartis + 140 000 USD support/an,35 entrepreneurs/cohorte,TOUS_SECTEURS,"Les candidats doivent être âgés strictement entre 15 et 22 ans au moment de la candidature, être résidents en Afrique, et avoir une entreprise déjà opérationnelle qui génère des revenus ou a un impact tangible. L'entreprise doit être formellement enregistrée ou en voie de l'être. Le projet doit démontrer un potentiel de croissance et d'impact social ou économique significatif.",contact@anzishaprize.org,anzishaprize.org,PRIVE
YALI RLC,CENTRE_FORMATION,Ouvert,YALI Regional Leadership Centers,Formations en leadership et entrepreneuriat,FORMATION,Côte d'Ivoire,National,Continu,Continu,4-7 semaines,Formation gratuite avec bourse complète,Variable,TOUS_SECTEURS,"Être âgé de 18 à 35 ans, être citoyen d'un pays africain, démontrer un intérêt ou une expérience dans le leadership, l'entrepreneuriat ou le développement communautaire, et être disponible pour suivre la formation pendant toute sa durée. Une bonne maîtrise de l'anglais est souvent requise, selon le centre régional.",info@yalirlc.org,yali.state.gov,INTERNATIONAL
MANDELA FELLOW,ORGANISATION_INTERNATIONALE,À venir,Mandela Washington Fellowship 2026,Programme de leadership aux États-Unis,FORMATION,Côte d'Ivoire,National,Septembre 2025,2026,6 semaines,Entièrement pris en charge,700 sélectionnés continent,TOUS_SECTEURS,"Les candidats doivent être âgés de 25 à 35 ans au moment de la candidature, avec une exception possible pour les candidats âgés de 21 à 24 ans présentant des réalisations exceptionnelles en leadership. Ils doivent être citoyens et résidents d'un pays africain, démontrer un engagement clair dans leur communauté ou secteur professionnel, posséder des compétences avancées en anglais (oral et écrit), et être disponibles pour participer à l'ensemble du programme aux États-Unis. Les candidats doivent également avoir une expérience avérée en leadership, que ce soit dans le secteur public, privé ou associatif.",mandelafellowship@state.gov,mandelawashingtonfellowship.org,INTERNATIONAL
BAD,BANQUE_DEVELOPPEMENT,Ouvert,BAD Young Professionals Program,Programme de carrière à long terme BAD,FORMATION,Côte d'Ivoire,National,Variable,2025,3 ans,Salaire conditions internationales,Variable,FINANCE;PUBLIC,"Les candidats doivent avoir au maximum 32 ans au moment de la candidature, être titulaires d'un diplôme de Master (ou équivalent) dans un domaine pertinent (économie, finance, ingénierie, développement international, etc.), et justifier d'au moins 3 ans d'expérience professionnelle pertinente. Une excellente maîtrise de l'anglais ou du français est requise, ainsi qu'une forte motivation à travailler dans un environnement multiculturel et dynamique.",ypp@afdb.org,afdb.org,INTERNATIONAL
BAD,ORGANISATION_INTERNATIONALE,Ouvert,Programme Stages BAD 2025,Stages au siège BAD Abidjan,STAGE, Côte d'Ivoire,National,Session 1: Janvier / Session 2: Juillet, 2025,3-6 mois,Indemnité de stage,Variable,FINANCE;PUBLIC,"Être étudiant en cours de formation universitaire (niveau licence, master ou doctorat) ou jeune diplômé (moins de 2 ans après l'obtention du diplôme) dans des domaines pertinents tels que l'économie, la finance, les sciences sociales, l'ingénierie, les technologies de l'information ou le développement international. Maîtrise du français et/ou de l'anglais, bonne capacité d'adaptation, sens de l'initiative et intérêt pour les problématiques de développement africain sont requis.",internships@afdb.org,afdb.org,INTERNATIONAL
GOOGLE,INCUBATEUR_ACCELERATEUR,À venir,Google for Startups Accelerator Africa 2026,Programme accélération 3 mois pour startups utilisant IA,ACCELERATION,Côte d'Ivoire,National,2026,2026,3 mois,Jusqu'à 350 000 USD Google Cloud Credits,15 startups,NUMERIQUE,"La startup doit être basée en Afrique, avoir au moins un fondateur africain, disposer d'un produit ou service technologique fonctionnel intégrant des éléments d'intelligence artificielle, être en phase de croissance avec une preuve de concept validée, et être prête à s'engager pleinement dans le programme de 3 mois. Les startups dans tous les secteurs technologiques sont éligibles, à condition que l'IA soit un composant clé de leur solution.",africa-startups@google.com,startup.google.com,PRIVE
WE4A TEF,ASSOCIATION_ENTREPRENEURIALE,Ouvert,Women Entrepreneurship for Africa,Programme pour alumni TEF femmes,FINANCEMENT,Côte d'Ivoire,National,Continu,2025,3-6 mois,10 000 à 50 000 euros,135 femmes total,TOUS_SECTEURS,"Être une femme entrepreneure ayant complété le programme Tony Elumelu Foundation (alumni TEF), posséder une entreprise avec un produit ou service fonctionnel, disposer d'une clientèle active, et démontrer un potentiel de croissance et d'impact économique en Afrique.",info@tonyelumelufoundation.org,tonyelumelufoundation.org,PRIVE
AFAWA,BANQUE_DEVELOPPEMENT,Ouvert,AFAWA BAD,Garanties de prêts pour PME dirigées par femmes,FINANCEMENT, Côte d'Ivoire,National,Continu,Continu,Variable,Garanties jusqu'à 2.5M USD, Illimité,TOUS_SECTEURS,"Sont éligibles les PME enregistrées en Afrique, dirigées ou détenues majoritairement (au moins 51%) par des femmes, avec un modèle d'affaires viable et un besoin démontré de financement pour l'expansion ou la consolidation de leurs activités. Les entreprises doivent également respecter les réglementations locales en vigueur et avoir une gestion financière transparente.",contact@afawa.org,afdb.org,INTERNATIONAL
AWF SEPHIS,CENTRE_FORMATION,Ouvert,African Women of the Future,Formation intensive management et leadership pour femmes,FORMATION, Côte d'Ivoire,National,Annuel,2025,4-6 semaines, Formation gratuite avec certification,36 femmes/an CI,TOUS_SECTEURS,"Être une femme entrepreneure africaine âgée de 18 à 45 ans, porteuse d'un projet innovant à fort impact social ou économique, avoir une expérience minimale dans la gestion d'entreprise ou dans le développement de projet, démontrer un engagement envers le leadership féminin et la promotion de l'entrepreneuriat durable.",contact@awfsephis.org,sephis-foundation.org,INTERNATIONAL
EMPOWHER CI,INCUBATEUR_ACCELERATEUR,Ouvert,Women Act Empow'Her,Incubation pour projets à impact environnemental/social portés par femmes,INCUBATION,Côte d'Ivoire,National,Continu,Continu,Plusieurs mois,Formation et accompagnement gratuits,1000 femmes/an,IMPACT_SOCIAL;ENVIRONNEMENT,"Le programme s'adresse exclusivement aux femmes entrepreneures ou porteuses de projets innovants ayant un impact positif avéré sur l'environnement ou la société. Les candidates doivent présenter un projet en phase de démarrage ou de développement, avec un modèle économique viable. La résidence en Côte d'Ivoire est un plus, mais des candidatures d'autres pays africains peuvent être considérées. Une motivation forte pour l'impact social et environnemental est requise.",contact@empowherci.org,empowher.org,PRIVE
DIGI FEMMES,CENTRE_FORMATION,Ouvert,Programme Digi Femmes,Formation holistique en compétences digitales pour femmes,FORMATION,Côte d'Ivoire,National,Continu,2025,9 mois,Formation gratuite,600 femmes sur 6 villes,NUMERIQUE,"Femmes âgées de 16 ans et plus, alphabétisées (savoir lire et écrire), résidant en Côte d'Ivoire. La formation est ouverte aux femmes sans distinction de niveau d'études, avec une motivation pour apprendre les compétences digitales. Une priorité peut être donnée aux femmes en situation de vulnérabilité ou sans emploi.",contact@digifemmes.ci,digifemmes.ci,PRIVE
SHETRADES,CENTRE_FORMATION,Ouvert,SheTrades ITC,Formation e-commerce et commerce international pour femmes,FORMATION,Côte d'Ivoire,National,Continu,2025,Variable,Formation gratuite + accès marchés,Variable,COMMERCE,,,shetrades.com,PRIVE
WIA INITIATIVE,INCUBATEUR_ACCELERATEUR,Ouvert,Women in Africa Initiative,Programme continental avec summit annuel et financement,CONCOURS,Côte d'Ivoire,National,Annuel,2025,Annuel,Formation + mentorat + financement,54 entrepreneures/an continent,TOUS_SECTEURS,"Le concours est ouvert aux femmes entrepreneures africaines âgées de 18 ans et plus, qui dirigent ou ont un projet entrepreneurial innovant dans n'importe quel secteur d'activité. Les candidates doivent démontrer le potentiel d'impact économique et social de leur projet, ainsi qu'une capacité à développer leur entreprise à l'échelle locale, régionale ou continentale.",contact@wia-initiative.com,wia-initiative.com,PRIVE
ONU FEMMES CI,ORGANISATION_INTERNATIONALE,Ouvert,Programme AGRIFED,Soutien aux femmes dans le secteur agricole,FORMATION,Côte d'Ivoire,National,Continu,Jusqu'en 2025,Variable,Formation et équipement,40 000 femmes,AGRICULTURE,"Être une femme résidant en Côte d'Ivoire, active dans le secteur agricole (production, transformation ou commercialisation), motivée à développer ses compétences agricoles, et engagée dans une activité agricole à titre professionnel ou associatif.",contact@onufemmes.ci,unwomen.org,INTERNATIONAL
MEET AFRICA,INCUBATEUR_ACCELERATEUR,Ouvert,Meet Africa,Co-incubation Europe-Afrique pour diaspora,INCUBATION, Côte d'Ivoire,National,Continu,2025,Variable,Subventions seed funding, 142+ projets accompagnés,TOUS_SECTEURS,"Sont éligibles les entrepreneurs issus de la diaspora africaine résidant en France ou en Europe, porteurs de projets innovants ou startups en phase d'amorçage, ayant un lien direct avec le développement économique ou social en Afrique. Le projet doit démontrer un potentiel de croissance et d'impact positif sur les communautés africaines.",contact@meetafrica.org, expertise-france.fr/meet-africa,PRIVE
MIDA,COOPERATION_DIASPORA,Ouvert,Programme MIDA,Migration circulaire et entrepreneuriat diaspora,FINANCEMENT,Côte d'Ivoire,National,Continu,Continu,Variable,Appui création entreprises,Variable,TOUS_SECTEURS,"Être membre de la diaspora ivoirienne, c'est-à-dire un ressortissant ivoirien résidant à l'étranger ou un descendant direct ; avoir un projet entrepreneurial viable ou une volonté de participer à des initiatives de migration circulaire ; être en mesure de présenter un business plan ou une proposition de projet claire ; respecter les conditions spécifiques définies par le programme MIDA.",contact@mida-ci.org,iom.int,INTERNATIONAL
ORANGE DIGITAL,CENTRE_FORMATION,Ouvert,Orange Digital Center Abidjan,École du code gratuite avec certification AWS,FORMATION,Côte d'Ivoire,National,Continu,Continu,Variable dont 12 semaines AWS,100% gratuit,Illimité,NUMERIQUE,"La formation s'adresse aux étudiants en informatique ou disciplines connexes, aux jeunes diplômés souhaitant se spécialiser en développement et cloud, ainsi qu'aux jeunes déscolarisés motivés par une reconversion dans le secteur numérique. Aucune expérience préalable n'est exigée, mais une bonne maîtrise du français et une appétence pour les technologies digitales sont recommandées.",contact@orangedigitalcenter.ci,orangedigitalcenters.com,PRIVE
SIMPLON CI,CENTRE_FORMATION,Ouvert,Simplon Côte d'Ivoire,Formation intensive développeur web/mobile,FORMATION,Côte d'Ivoire,National,Continu,Continu,6 mois,Formation gratuite financée,Variable,NUMERIQUE,"La formation est ouverte aux jeunes âgés de 18 à 35 ans, résidant en Côte d'Ivoire, ayant un intérêt marqué pour le développement informatique, et souhaitant s'engager dans une formation intensive. Aucun prérequis académique spécifique n'est exigé, mais une bonne maîtrise des bases de l'informatique est un plus.",contact@simplon.ci,simplon.ci,PRIVE
GDG ABIDJAN,CENTRE_FORMATION,Ouvert,Google Developer Groups Abidjan,Formations Google Cloud et certifications,FORMATION,Côte d'Ivoire,National,Continu,Continu,Variable,3 mois gratuits Google Cloud Skills Boost,Illimité,NUMERIQUE,"Cette formation s'adresse principalement aux développeurs professionnels, aux étudiants en informatique ou disciplines connexes, ainsi qu'aux passionnés de technologie souhaitant se spécialiser dans les solutions Google Cloud. Une connaissance de base en programmation et en concepts cloud est recommandée pour tirer pleinement parti des sessions.",contact@gdgabidjan.com,gdg.community.dev,PRIVE
10000 CODEURS,CENTRE_FORMATION,Ouvert,Programme 10000 Codeurs,Formation en 65+ métiers du numérique,FORMATION,Côte d'Ivoire,National,Continu,2025,9 mois (9h/semaine),Passeport Numérique gratuit,1500 développeurs/pays,NUMERIQUE,"Ouvert à toute personne majeure ou mineure émancipée, sans condition de diplôme ni d'expérience préalable, avec un intérêt marqué pour les technologies numériques et la volonté d'apprendre un métier du digital. Une motivation forte et un engagement dans le parcours de formation sont nécessaires.",contact@10000codeurs.fr,10000codeurs.com,PRIVE
AWS RESTART,CENTRE_FORMATION,Ouvert,AWS re/Start,Formation AWS avec certification Cloud Practitioner,FORMATION, Côte d'Ivoire,National,Continu,Continu,12 semaines,Formation gratuite + certification,Variable,NUMERIQUE,"Être résident en France, avoir un niveau de base en informatique ou une forte motivation pour apprendre le cloud computing, être inscrit via Orange Digital Center, et être disponible pour suivre la formation à temps plein pendant plusieurs semaines. Aucun prérequis technique avancé n'est nécessaire, mais une bonne maîtrise du français est recommandée.",contact@orangedigitalcenter.fr,aws.amazon.com,PRIVE
AFRICA CODE WEEK,CENTRE_FORMATION,Ouvert,Africa Code Week CI,Formation programmation pour jeunes,FORMATION,Côte d'Ivoire,National,Octobre 2025,Octobre 2025,1 semaine,Gratuit,40 000 jeunes CI,NUMERIQUE,"Jeunes âgés de 8 à 40 ans résidant en Côte d'Ivoire, intéressés par l'apprentissage de la programmation, sans prérequis technique nécessaire. Les formations sont ouvertes aux étudiants, jeunes professionnels, et toute personne souhaitant développer ses compétences en codage.",contact@africacodeweek.org,africacodeweek.org,PRIVE
HACKATHON MASS,HUB_INNOVATION,À venir,Hackathon pré-MASS 2025,Hackathon TIC et observation de la terre,CONCOURS,Côte d'Ivoire,National,14/04/2025,06-08/05/2025,3 jours,Fonds 500M FCFA pour startups spatiales,Variable,NUMERIQUE;ENVIRONNEMENT,"Le concours est ouvert aux étudiants de niveau licence à master, aux développeurs indépendants, aux startups innovantes ainsi qu'aux passionnés de technologies ayant des compétences en programmation, data science, géomatique ou domaines connexes. La participation peut être individuelle ou en équipe de 2 à 5 personnes. Une motivation pour les problématiques liées à l'observation de la Terre et aux TIC est fortement recommandée.",contact@hackathonmass.org,mass.ci,PRIVE
SIADE,HUB_INNOVATION,À venir,SIADE 2025 Hackathon,"Hackathon IA, Défense, Espace",CONCOURS,Côte d'Ivoire,National,Février 2025,20-21/02/2025,2 jours,Prix à déterminer,Variable,NUMERIQUE;SECURITE,"Peuvent participer les développeurs individuels, équipes de développeurs, startups technologiques innovantes spécialisées dans l'IA, la défense ou le spatial, ainsi que les étudiants en informatique ou disciplines connexes. Une expérience préalable en programmation, intelligence artificielle ou développement de solutions technologiques est recommandée. La participation est ouverte aux candidats majeurs et résidant en France ou dans l'Union européenne.",contact@siaade2025.fr,siade.ci,PUBLIC
CGECI BPC,ASSOCIATION_ENTREPRENEURIALE,Ouvert,CGECI Business Plan Competition 2025,Concours business plan avec prix sectoriels,CONCOURS,Côte d'Ivoire,National,Septembre 2025,22-23/09/2025,2 jours,Plus de 300M FCFA depuis 2014,Variable,TOUS_SECTEURS,"Le concours s'adresse aux jeunes entrepreneurs âgés de 18 à 35 ans, ainsi qu'aux étudiants inscrits dans des universités ou établissements d'enseignement supérieur en Côte d'Ivoire. Les participants doivent présenter un projet innovant et réalisable, avec un business plan complet. Les équipes peuvent être composées de plusieurs membres, mais un porteur de projet principal doit être identifié. Les projets peuvent couvrir différents secteurs tels que l'agriculture, les technologies de l'information, l'industrie, les services, et l'énergie.",contact@cgeci-bpc.ci,cgeci.com,PRIVE
PRIX CASTEL,ASSOCIATION_ENTREPRENEURIALE,Ouvert,Prix Pierre Castel 2025,Prix pour projets agricoles et agroalimentaires,CONCOURS,Côte d'Ivoire,National,2025,2025,Annuel,25 000 euros par pays + 35 000 euros super lauréat,Variable,AGRICULTURE,"Le concours s'adresse aux jeunes entrepreneurs âgés de 18 à 40 ans, porteurs de projets agricoles ou agroalimentaires en phase de démarrage ou d'expansion. Les projets doivent être localisés dans les pays d'Afrique subsaharienne où le Groupe Castel est présent. Les candidats doivent démontrer l'innovation, la viabilité économique, et l'impact social ou environnemental de leur initiative.",prix.caste@fondationcastel.org,fondationpierrecastel.org,PRIVE
ORANGE POESAM,INCUBATEUR_ACCELERATEUR,Ouvert,Orange Social Venture Prize 2025,Prix pour startups à impact social et environnemental,CONCOURS,Côte d'Ivoire,National,2025,2025,Annuel,20 000 euros prix international femmes,3 projets max/pays,IMPACT_SOCIAL;ENVIRONNEMENT,"Peuvent candidater des startups en phase d'amorçage ou de développement, qu'elles soient technologiques ou traditionnelles, dont l'activité principale a un impact social ou environnemental positif clairement démontré. Les projets doivent être basés en France ou dans les pays où Orange est implanté, avoir une équipe opérationnelle, et présenter un modèle économique viable. Les candidatures sont ouvertes aux startups de tous secteurs, à condition que leur solution ait un effet mesurable sur la société ou l'environnement.",socialventure@orange.com,orange.com,PRIVE
SARA,AGENCE_PROMOTION,À venir,SARA 2025,Salon International de l'Agriculture avec financements jeunes,EVENEMENT,Côte d'Ivoire,National,Mai 2025,23/05-01/06/2025,10 jours,1.5 milliards FCFA pour jeunes projets agricoles, Variable,AGRICULTURE,"Peuvent participer les jeunes entrepreneurs agricoles âgés de 18 à 40 ans, porteurs de projets innovants ou en activité dans le secteur agricole, souhaitant bénéficier d'un accompagnement financier ou d'opportunités de réseautage. Les candidats doivent présenter un projet viable et durable dans l'agriculture, l'agroalimentaire ou les technologies associées.",contact@sara2025.com,sara.ci,PUBLIC
IVOIRE TECH FORUM,HUB_INNOVATION,À venir,Ivoire Tech Forum 2025,Forum tech avec village startup et concours pitch,EVENEMENT,Côte d'Ivoire,National,Juillet 2025,09-11/07/2025,3 jours,Variable selon concours,50+ startups village,NUMERIQUE,"Sont éligibles les entrepreneurs et porteurs de projets dans le secteur des technologies de l'information et de la communication, résidant en Côte d'Ivoire ou dans la région Afrique de l'Ouest, disposant d'une startup en phase de démarrage ou de développement, et souhaitant présenter leur projet lors du concours de pitch ou exposer dans le village startup.",contact@ivoiretechforum.ci,ivoiretechforum.com,PUBLIC
GOLDEN IMPACT,ASSOCIATION_ENTREPRENEURIALE,À venir,Golden Impact Forum 2025,Forum stratégie pour booster jeunes entreprises,EVENEMENT,Côte d'Ivoire,National,14/06/2025,14/06/2025,1 jour,Networking et opportunités,Illimité,TOUS_SECTEURS,"Jeunes entrepreneurs âgés de 18 à 35 ans, porteurs de projets ou dirigeants de startups en phase de lancement ou de développement, ainsi que les institutions soutenant l'innovation et l'entrepreneuriat.",contact@goldenimpact.org,goldenimpactforum.ci,PRIVE
FEEF,ASSOCIATION_ENTREPRENEURIALE,À venir,Forum Emploi Entrepreneuriat Féminin 2025,11e édition forum entrepreneuriat féminin,EVENEMENT,Côte d'Ivoire,National,16-17/05/2025,16-17/05/2025,2 jours,Gratuit,25 000+ participantes historique,TOUS_SECTEURS,"Cet événement s'adresse exclusivement aux femmes entrepreneures, qu'elles soient en phase de création, de développement ou de consolidation de leur entreprise. Sont également éligibles les porteuses de projets entrepreneuriaux féminins et les professionnelles souhaitant s'informer ou s'engager dans l'entrepreneuriat féminin.",contact@feef2025.org,feef.ci,PRIVE
MISS 2.0,ASSOCIATION_ENTREPRENEURIALE,Ouvert,Concours Miss 2.0,Concours entrepreneuriat féminin avec prix importants,CONCOURS,Côte d'Ivoire,National,2025,2025,Annuel,19M FCFA total (5M FCFA Miss et 1ère dauphine), 10 finalistes,TOUS_SECTEURS,"Femmes entrepreneures âgées de 18 à 35 ans, porteuses d'un projet entrepreneurial innovant ou dirigeantes d'une startup en phase de développement, résidant dans le pays organisateur. Les candidates doivent présenter un dossier complet incluant un business plan et une lettre de motivation.",contact@miss2-0.org,agenceemploijeunes.ci,PRIVE
HEC,INCUBATEUR_ACCELERATEUR,À venir,HEC Challenge+ Demo Day 2025,Demo day projets incubés HEC,EVENEMENT,Côte d'Ivoire,National,10/07/2025,10/07/2025,1 jour,Visibilité et networking,Variable,TOUS_SECTEURS,"Peuvent participer au Demo Day uniquement les projets ayant été sélectionnés et incubés dans le cadre du programme HEC Challenge+ pour l'année 2025. Les projets doivent démontrer un fort potentiel d'innovation, une viabilité économique et avoir suivi les différentes étapes d'accompagnement du programme.",challengeplus@hec.fr,hec.fr,PRIVE
FIJE,ASSOCIATION_ENTREPRENEURIALE,À venir,Forum International Jeunesse Entrepreneuriat 2025,Forum sur ZLECAf et opportunités jeunes,EVENEMENT,Côte d'Ivoire,National,12/08/2025,12/08/2025,1 jour,Gratuit,100 jeunes entrepreneurs,COMMERCE,"Jeunes entrepreneurs âgés de 18 à 40 ans, membres actifs ou candidats au Club FIGE, ayant un projet entrepreneurial innovant ou une entreprise en phase de développement, résidant dans un pays membre de la ZLECAf, et démontrant un intérêt marqué pour les opportunités offertes par la zone de libre-échange africaine.",contact@fije2025.org,zlecaf.ci,PRIVE
AEJ,MINISTERE_AGENCE,Ouvert,Programme THIMO,Travaux à haute intensité de main d'œuvre,ASSISTANCE_TECHNIQUE,Côte d'Ivoire,National,Continu,Continu,Variable,Rémunération chantiers BTP,8825 jeunes employés,CONSTRUCTION,"Jeunes âgés de 18 à 35 ans, organisés en coopératives ou groupes structurés, résidant dans la région ciblée par le programme, motivés à s'engager dans des activités génératrices de revenus nécessitant une forte implication manuelle. Les coopératives doivent être officiellement enregistrées ou en cours de formalisation.",contact@aejthimo.org,agenceemploijeunes.ci,PUBLIC
AEJ,MINISTERE_AGENCE,Ouvert,Opération Agir pour les Jeunes,Programme création emplois et AGR,FINANCEMENT,Côte d'Ivoire,10 régions,Continu,2025,Variable,1.05 milliard FCFA budget total,2100 emplois créés,TOUS_SECTEURS,"Les candidats doivent être âgés de 18 à 35 ans, résider dans la zone géographique couverte par AEJ AGIR, et présenter un projet d'Activité Génératrice de Revenus (AGR) viable et innovant. Le projet doit démontrer un potentiel de création d'emploi durable et contribuer au développement économique local. Les jeunes sans emploi ou en situation précaire sont prioritaires. Une présentation claire du plan d'affaires et des projections financières est requise pour l'évaluation.",contact@aejagir.org,agenceemploijeunes.ci,PUBLIC
IFC PME,BANQUE_DEVELOPPEMENT,Ouvert,Programme Financement PME IFC,Facilité de partage des risques pour PME,FINANCEMENT,Côte d'Ivoire,National,Continu,Jusqu'en 2028,Variable,40M USD facilité (30% femmes),2100 prêts PME prévus,TOUS_SECTEURS,"Les PME doivent être légalement établies dans un pays éligible, avoir une taille correspondant à la définition locale des PME, et démontrer une gestion financière saine. Au moins 30% des PME bénéficiaires doivent être dirigées ou co-dirigées par des femmes. Les entreprises doivent également opérer dans des secteurs prioritaires définis par l'IFC et être capables de fournir des états financiers vérifiés.",pme.financement@ifc.org,ifc.org,INTERNATIONAL
CIPME,INCUBATEUR_ACCELERATEUR,Ouvert,Agence Côte d'Ivoire PME,Incubation express et accompagnement PME,INCUBATION,Côte d'Ivoire,National,Continu,Continu,Variable,Accompagnement technique gratuit,Variable,TOUS_SECTEURS,"Peuvent candidater les PME et startups légalement enregistrées en Côte d'Ivoire, ayant un projet innovant ou à fort potentiel de croissance, avec une équipe engagée et un modèle économique viable. Les entreprises en phase de création ou de développement sont privilégiées.",contact@cipme.ci,cipme.ci,PRIVE
CEPICI,GUICHET_UNIQUE,Ouvert,Guichet Unique CEPICI,Création entreprise en 48h et accompagnement,ASSISTANCE_TECHNIQUE,Côte d'Ivoire,National,Continu,Continu,48h création,Services administratifs,Illimité,TOUS_SECTEURS,"Ouvert à tous les entrepreneurs, qu'ils soient nationaux ou étrangers, souhaitant créer une entreprise en Côte d'Ivoire. Les porteurs de projets doivent fournir les documents requis tels que pièce d'identité, justificatif de domicile, et un plan d'affaires sommaire si nécessaire.",contact@cepici.gouv.ci,cepici.gouv.ci,PUBLIC
FIPME,CENTRE_FORMATION,Ouvert,Programmes Formation FIPME,Formation et requalification jeunes avec partenaires,FORMATION,Côte d'Ivoire,National,Continu,Continu,Variable,Formation gratuite,Variable selon programme,TOUS_SECTEURS,"Jeunes âgés de 16 à 35 ans, résidant dans la région concernée, sans emploi ou en reconversion professionnelle, motivés à suivre une formation qualifiante. Une priorité est donnée aux jeunes peu ou pas diplômés, ainsi qu'aux bénéficiaires de minima sociaux ou en situation de précarité.",contact@fipme.org,fipme.ci,PUBLIC
ANSUT,MINISTERE_AGENCE,Ouvert,ANSUT Connect 2025,Formation transformation numérique,FORMATION,Côte d'Ivoire,National,Continu,2025,Variable,Gratuit,Variable,NUMERIQUE,"Jeunes âgés de 18 à 30 ans, résidant en Tunisie, ayant un intérêt marqué pour les technologies numériques, l'informatique ou les métiers du digital. Aucune expérience préalable n'est requise, mais une motivation forte et un engagement dans la formation sont indispensables.",contact@ansut.tn,ansut.ci,PUBLIC
E2C,CENTRE_FORMATION,Ouvert,École de la Deuxième Chance,Formation de masse pour jeunes mal insérés,FORMATION,Côte d'Ivoire,National,Continu,Continu,Variable,Formation gratuite,Formation de masse,TOUS_SECTEURS,"Jeunes âgés de 16 à 25 ans, résidant en France, sans emploi, sans diplôme ni qualification professionnelle, rencontrant des difficultés d'insertion sociale et professionnelle, motivés pour s'engager dans un parcours de formation et d'accompagnement personnalisé.",contact@e2c.fr,formation-professionnelle.gouv.ci,PUBLIC
LAFIGUE,CENTRE_FORMATION,Ouvert,Programme Employabilité Lafigue,Formation mine et BTP pour jeunes locaux,FORMATION,Côte d'Ivoire,Katiola et Dabakala,Continu,2025,Variable,145M FCFA budget,150 jeunes,RESSOURCES;CONSTRUCTION,"Jeunes âgés de 16 à 35 ans, résidant dans les communes de Katiola et Dabakala, motivés à intégrer les secteurs de la mine et du BTP, avec un niveau scolaire minimum de classe de troisième ou équivalent. Une motivation pour le travail manuel et la capacité à suivre une formation intensive sont également requises.",contact@lafigueformation.ci,endeavourmining.com,PUBLIC
PHOENIX,CENTRE_FORMATION,Ouvert,Programme Phoenix PME,Amélioration employabilité jeunes,FORMATION,Côte d'Ivoire,National,Continu,Continu,Variable,Formation et financement,Variable,TOUS_SECTEURS,"Jeunes résidents en France âgés de 18 à 40 ans, sans emploi ou en recherche d'amélioration de leurs compétences professionnelles, motivés à s'engager dans une formation de plusieurs semaines. Priorité donnée aux personnes issues de milieux défavorisés ou aux demandeurs d'emploi de longue durée.",contact@phoenix-pme.fr,cipme.ci,PUBLIC
CME,CENTRE_FORMATION,Ouvert,Centre Métiers Électricité,Formation énergies renouvelables et efficacité énergétique,FORMATION,Côte d'Ivoire,National,Continu,Continu,Variable selon formation,Certifications BTS/Licence pro,Variable,ENERGIE,"La formation s'adresse aux étudiants titulaires d'un diplôme de niveau Bac ou équivalent, ainsi qu'aux professionnels du secteur de l'électricité, de la maintenance industrielle ou de la gestion énergétique souhaitant se spécialiser ou se reconvertir dans les énergies renouvelables.",contact@cme-formation.fr,cme-ci.com,PUBLIC
ANDELA,CENTRE_FORMATION,Ouvert,Andela Learning Community,"Formations cloud native, IA, React.js",FORMATION,Côte d'Ivoire,National,Continu,Continu,Variable,Accès réseau 150 000+ pros,Variable,NUMERIQUE,"Cette formation s'adresse principalement aux développeurs débutants à intermédiaires, aux ingénieurs logiciels, ainsi qu'aux professionnels de la tech souhaitant renforcer leurs compétences dans les domaines du cloud computing, de l'intelligence artificielle et du développement web. Une connaissance de base en programmation est recommandée. Les candidats doivent être motivés à apprendre et à participer activement aux sessions proposées.",learning.community@andela.com,andela.com,PRIVE
PROFERE,CENTRE_FORMATION,Ouvert,Programme ProFERE GIZ,Formation professionnelle énergies renouvelables,FORMATION,Côte d'Ivoire,National,Continu,Continu,Variable,Formation gratuite,400+ experts formés,ENERGIE,"La formation s'adresse aux professionnels travaillant dans le secteur de l'énergie, incluant les ingénieurs, techniciens, gestionnaires de projets, ainsi que les décideurs impliqués dans les politiques énergétiques. Les candidats doivent justifier d'une expérience préalable dans le domaine de l'énergie ou des énergies renouvelables, et démontrer un intérêt pour le développement durable et les technologies propres.",contact@profere-giz.org,giz.de,PUBLIC
PRO JEUNES,CENTRE_FORMATION,Ouvert,PRO-Jeunes USAID,Formation femmes secteur énergétique,FORMATION,Côte d'Ivoire,National,Continu,2025,Variable,1.4M USD budget,750 jeunes femmes,ENERGIE,"Femmes âgées de 18 à 35 ans, résidant dans la région ciblée par PRO JEUNES, ayant un niveau d'études minimum équivalent au secondaire ou une expérience professionnelle dans un domaine lié à l'énergie est un plus. Les candidates doivent être motivées à s'engager dans une formation intensive et disponibles pour toute la durée du programme.",contact@projeunes.org,usaid.gov,INTERNATIONAL
OIF,CENTRE_FORMATION,Ouvert,Programme D-CLIC,Formation numérique pour femmes francophones,FORMATION,Côte d'Ivoire,National,Continu,2025,Variable,Formation gratuite,100 femmes CI,NUMERIQUE,"Être une femme francophone âgée de 18 à 35 ans, résidant dans un pays membre de l'Organisation Internationale de la Francophonie (OIF), avec un intérêt pour le numérique et la volonté de développer des compétences dans ce domaine. Aucun prérequis technique spécifique n'est nécessaire, mais une motivation forte est recommandée.",contact@d-clic-oif.org,francophonie.org,INTERNATIONAL
OIF,ASSOCIATION_ENTREPRENEURIALE,Ouvert,Prix Jeune Entrepreneur Francophone,Concours annuel entrepreneurs francophones,CONCOURS,Côte d'Ivoire,National,Annuel,2025,Annuel,Financement + accompagnement,Variable,TOUS_SECTEURS,"Être âgé de 18 à 35 ans au moment de la candidature, être porteur d'un projet entrepreneurial innovant ou dirigeant une jeune entreprise innovante dans un pays francophone ou à vocation francophone. Le projet doit valoriser la langue française et contribuer positivement au développement économique, social ou environnemental. Les candidats doivent soumettre un dossier complet incluant une description détaillée du projet, un plan d'affaires et des preuves de faisabilité.",jeunentrepreneur@oif.org,francophonie.org,INTERNATIONAL
BIT,CENTRE_FORMATION,Ouvert,Projet Formalisation BIT,Formation formalisation entreprises secteur informel,FORMATION,Côte d'Ivoire,National,Continu,2025,Variable,Formation gratuite,Variable,TOUS_SECTEURS,"La formation s'adresse aux entrepreneurs et micro-entrepreneurs opérant dans le secteur informel, souhaitant formaliser leur activité. Les participants doivent être âgés de 18 ans ou plus, résider dans la région ciblée par le programme, et être motivés à entreprendre les démarches de formalisation de leur entreprise.",contact@bitformalisation.org,ilo.org,INTERNATIONAL
RESILIENCE PEACE,MINISTERE_AGENCE,Ouvert,Programme Resilience for Peace USAID,Renforcement résilience et opportunités économiques zones Nord,FINANCEMENT,Côte d'Ivoire,Zones Nord frontalières,Continu,2025-2030,5 ans,20M+ USD budget,Variable,TOUS_SECTEURS,"Ce programme s'adresse principalement aux jeunes âgés de 18 à 35 ans résidant dans les régions du Nord, notamment ceux issus de communautés vulnérables ou affectées par des conflits. Les candidats doivent démontrer un engagement envers des initiatives économiques ou sociales locales et être en mesure de participer activement aux activités de renforcement de la résilience.",contact@resiliencepeace.org,usaid.gov,INTERNATIONAL
"Ministère de la Promotion de la Jeunesse, de l'Insertion Professionnelle et du Service Civique",MINISTERE_AGENCE,Ouvert,Programme Jeunesse du Gouvernement (PJGouv) 2023-2025,"Programme triennal d'autonomisation des jeunes par l'entrepreneuriat, la formation et le financement avec un budget de 1118 milliards FCFA sur 3 ans",FINANCEMENT,Côte d'Ivoire,National,Continu,2023,3 ans,350.2 milliards FCFA pour 2025,1.5 million de jeunes,Agriculture;Technologie;Commerce;Tous secteurs,"Jeunes 18-35 ans, citoyens ivoiriens",info@jeunesse.gouv.ci,www.jeunesse.gouv.ci,PUBLIC
Agence Emploi Jeunes (AEJ),MINISTERE_AGENCE,Ouvert,Plateforme de Financement AEJ,Financement de projets entrepreneuriaux pour jeunes avec accompagnement et formation,FINANCEMENT,Côte d'Ivoire,National,Continu,2015,Permanent,Variable selon projets,Illimité,Commerce;Services;Artisanat;Agriculture,"Jeunes 18-35 ans, projet viable, formation requise",contact@agenceemploijeunes.ci,www.emploi.jeunes.ci,PUBLIC
Agence Emploi Jeunes (AEJ),MINISTERE_AGENCE,Ouvert,Programme Enable Youth - Agribusiness,Programme de financement et formation pour jeunes dans l'agribusiness avec la BAD,FORMATION,Côte d'Ivoire,National,Continu,2024,2 ans,500+ millions FCFA pour 20 jeunes pilotes,20+ jeunes entrepreneurs,Agriculture;Agribusiness,"Jeunes 18-35 ans, projet agricole viable",contact@agenceemploijeunes.ci,www.emploi.jeunes.ci,PUBLIC
Agence Emploi Jeunes (AEJ),MINISTERE_AGENCE,Ouvert,Initiative Startup Boost Capital,Fonds de financement pour startups technologiques et innovantes,FINANCEMENT,Côte d'Ivoire,National,Continu,2025,Permanent,50 millions FCFA max par projet,20+ startups,Technologies;Innovation;Numérique,"Entreprises numériques et technologiques, jeunes entrepreneurs",contact@agenceemploijeunes.ci,www.emploi.jeunes.ci,PUBLIC
Ministère de la Promotion des PME et de l'Artisanat,MINISTERE_AGENCE,Ouvert,Guichet Unique de Développement des PME (GUDE-PME),Programme d'accompagnement et financement des PME avec appui de l'AFD,INCUBATION,Côte d'Ivoire,National,Continu,2022,5 ans,52.476 milliards FCFA AFD + 160 milliards sur 5 ans,8000 PME en 2025,Tous secteurs PME,"PME ivoiriennes, 2 ans d'existence minimum",contact@gudepme.ci,www.pme.gouv.ci,PUBLIC
Ministère de la Promotion des PME et de l'Artisanat,MINISTERE_AGENCE,Ouvert,Programme PEPITE 2030,Programme d'incubation et financement pour transformer PME en champions nationaux,INCUBATION,Côte d'Ivoire,National,Continu,2021,10 ans,Variable selon projets,150 entreprises par an,15 pôles sectoriels stratégiques,"PME avec potentiel de croissance, secteurs prioritaires",contact@pme.gouv.ci,www.pme.gouv.ci,PUBLIC
Société de Garantie des PME (SGPME),MINISTERE_AGENCE,Ouvert,Société de Garantie des PME,Garantie des crédits PME auprès des banques avec capital de 10 milliards FCFA,SUBVENTION/FINANCEMENT,Côte d'Ivoire,National,Continu,2022,Permanent,10 milliards FCFA capital État,1773+ entreprises accompagnées,Tous secteurs PME,PME avec besoin de garantie bancaire,contact@sgpme.ci,www.sgpme.ci,PUBLIC
Ministère de l'Agriculture et du Développement Rural,MINISTERE_AGENCE,Ouvert,Guichet de Financement SARA 2025,Financement de projets agricoles jeunes avec 90% de financement pour projets jusqu'à 54 millions FCFA,FINANCEMENT,Côte d'Ivoire,National,31/12/2025,Mai 2025,8 mois,3.782 milliards FCFA total,1460 jeunes porteurs,Riziculture;Aquaculture;Aviculture;Transformation agroalimentaire,"Jeunes entrepreneurs agricoles, projets 0-54 millions FCFA",contact@sara.ci,www.agriculture.gouv.ci,PUBLIC
Ministère de l'Agriculture et du Développement Rural,MINISTERE_AGENCE,Ouvert,PNIA II - Programme National d'Investissement Agricole,Programme national de développement agricole durable et compétitif,FORMATION,Côte d'Ivoire,National,Continu,2017,8 ans,11905 milliards FCFA total,600000+ exploitants,Agriculture durable;Chaînes de valeurs;Modernisation agricole,"Exploitants agricoles, coopératives, PME agricoles",info@agriculture.gouv.ci,www.agriculture.gouv.ci,PUBLIC
Ministère de l'Agriculture / Banque Mondiale,MINISTERE_AGENCE,Ouvert,PDC2V - Projet de Développement des Chaînes de Valeurs Vivrières,"Développement des filières manioc, horticulture et aquaculture avec financement Banque Mondiale",FORMATION,Côte d'Ivoire,6 agropôles,Continu,2024,3 ans,160 milliards FCFA,600000 exploitants + 150 PME + 400 microentreprises,Manioc;Horticulture;Aquaculture,"Petits exploitants (50% femmes), PME, microentreprises",contact@pdc2v.ci,www.pdc2v.ci,PUBLIC
ANADER,MINISTERE_AGENCE,Ouvert,Programme de Travail et Budget Annuel (PTBA) 2025,Programme de conseil agricole et appui au développement rural,FORMATION,Côte d'Ivoire,National,Continu,Janvier 2025,1 an,Budget opérationnel annuel,90000+ exploitants,Maïs;Maraîchage;Élevage;Toutes filières agricoles,"Exploitants agricoles, groupements, coopératives",contact@anader.ci,www.anader.ci,PUBLIC
Ministère de l'Environnement et du Développement Durable,MINISTERE_AGENCE,Ouvert,Coordination Générale des Programmes et Projets (CGPP),"5 programmes nationaux: changements climatiques, gestion déchets, produits chimiques, ressources naturelles, environnement côtier",FORMATION,Côte d'Ivoire,National,Continu,2025,Permanent,Budget ministériel,Variable selon programmes,Économie verte;Gestion déchets;Ressources naturelles,"Entrepreneurs verts, projets durables",CGPP@environnement.gouv.ci,www.environnement.gouv.ci,PUBLIC
Ministère de la Transition Numérique et de la Digitalisation,MINISTERE_AGENCE,Ouvert,Projet GENIE - Autonomisation par l'entrepreneuriat vert et numérique,35 centres numériques pour formation entrepreneuriat vert et transformation digitale,INCUBATION/FORMATION,Côte d'Ivoire,"Abidjan, San Pedro, Korhogo, Man, Daloa, Yamoussoukro, Bondoukou",Continu,Février 2025,3 ans,5.5 milliards FCFA,45000 jeunes d'ici 2027,Technologies numériques;Économie verte;Innovation,"Jeunes ivoiriens, intérêt pour numérique et développement durable",info@telecom.gouv.ci,www.telecom.gouv.ci,PUBLIC
Ministère de la Transition Numérique et de la Digitalisation,MINISTERE_AGENCE,Ouvert,Fonds Ivoirien de l'Innovation et des Technologies (FIIT),Dispositif de financement des startups et projets numériques avec participation État-secteur privé,FINANCEMENT,Côte d'Ivoire,National,Continu,Juillet 2025,Permanent,450 milliards FCFA (25% État + 75% privé),Illimité,Startups numériques;Technologies innovantes,"Projets à fort potentiel technologique, partenariats requis",info@telecom.gouv.ci,www.telecom.gouv.ci,PUBLIC
ANSUT,MINISTERE_AGENCE,Ouvert,Programmes ANSUT Connect 2025,"Activation Réseau National Haut Débit, connectivité rurale, formations numériques Genius",FORMATION,Côte d'Ivoire,National + 240 villages,Continu,2025,Permanent,Budget État + partenaires,Villages ruraux + étudiants,Télécommunications;Inclusion numérique;Formation digitale,"Villages non connectés, étudiants, entrepreneurs numériques",ansut@ansut.ci,www.ansut.ci,PUBLIC
Agence Côte d'Ivoire PME,MINISTERE_AGENCE,Ouvert,Programme d'incubation express,2 cohortes de 20 startups avec incubation de 3 mois,ACCELERATION,Côte d'Ivoire,National,Continu,2025,3 mois par cohorte,Variable selon projets,40 startups par an,Digital;Restauration;Tourisme;Transport;Industries créatives,"Startups secteurs prioritaires, jeunes/femmes encouragés",contact@cipme.ci,www.cipme.ci,PUBLIC
Ministère de l'Enseignement Supérieur et de la Recherche Scientifique,MINISTERE_AGENCE,Ouvert,Programmes Nationaux de Recherche (PNR),"3 programmes: Innovation agricole, Changement climatique, Mines et énergies",FORMATION,Côte d'Ivoire,National,Continu,2024,2 ans,Financement AFD,Variable,Agriculture durable;Environnement;Mines;Énergies,"Équipes de recherche, innovateurs, startups deeptech",info@enseignement.gouv.ci,www.enseignement.gouv.ci,PUBLIC
FDFP,FONDS_INVESTISSEMENT,Ouvert,Fonds de Développement de la Formation Professionnelle,"Plans de formation entreprise, apprentissage, reconversion professionnelle",FORMATION,Côte d'Ivoire,National,Continu,1991,Permanent,10 milliards FCFA/an redistribués,Illimité,Tous secteurs,"Entreprises cotisantes, artisans associés",info@fdfp.ci,www.fdfp.ci,PUBLIC
AGEFOP,MINISTERE_AGENCE,Ouvert,Programme de Formation et Insertion Professionnelle,"Formations entrepreneuriat, GERME, techniques sectorielles, passeport-compétences",FORMATION,Côte d'Ivoire,National,Continu,1992,Permanent,Budget étatique,1000+ bénéficiaires/an,Agriculture;BTP;Services;Artisanat,"Ivoiriens 15-30 ans, niveau CM2 minimum",info@agefop.ci,www.agefop.ci,PUBLIC
Ministère de l'Enseignement Technique et de la Formation Professionnelle,MINISTERE_AGENCE,Ouvert,École de la Deuxième Chance (E2C) - PEJEDEC 3,"Formation professionnelle pour jeunes déscolarisés, apprentissage avec maîtres-artisans",FORMATION,Côte d'Ivoire,National,Continu,2021,Jusqu'en 2030,Budget gouvernemental + partenaires,400000 personnes d'ici 2030,Tous métiers,"16-35 ans qualification initiale, pas de limite pour reconversion",contact@daip.ci,www.daip.ci,PUBLIC
Ministère du Commerce et de l'Industrie,MINISTERE_AGENCE,Ouvert,Zones Économiques Spéciales et Zones Industrielles,Zone Industrielle Akoupé-Zeudji et autres zones en développement,FINANCEMENT,Côte d'Ivoire,"Akoupé-Zeudji, San Pedro, Ferkessédougou, Bouaké",Continu,2023,Permanent,1000 milliards FCFA investissement,134+ entreprises engagées,Industrie;Transformation;Logistique,"Entreprises industrielles, PME manufacturières",info@commerce.gouv.ci,www.commerce.gouv.ci,PUBLIC
CEPICI,MINISTERE_AGENCE,Ouvert,Centre de Promotion des Investissements,"Agrément code investissements, facilitation administrative pour investisseurs",INCUBATION,Côte d'Ivoire,National,Continu,Permanent,Permanent,Variable selon projets,Illimité,Tous secteurs d'investissement,Investisseurs nationaux et internationaux,contact@cepici.gouv.ci,www.cepici.gouv.ci,PUBLIC
FIPME / Ministère Commerce,FEDERATION_PUBLIQUE,Ouvert,Fonds de Soutien aux PME (FSPME),"Prêts directs 2.5%, prêts taux zéro TPE, subventions salariales",FINANCEMENT,Côte d'Ivoire,National,Continu,2020,36 mois max,15-100 millions FCFA prêts + 5M taux zéro,Illimité,Tous secteurs PME,"PME résidentes CI, 2 ans existence, CA ≤1 milliard FCFA",secretariat@fipme.ci,www.fipme.ci,PUBLIC
Ministère de l'Économie et des Finances,MINISTERE_AGENCE,Ouvert,Programme PEPITE 2030,Transformation PME/PMI en champions nationaux avec financement et accompagnement,INCUBATION,Côte d'Ivoire,National,Continu,2021,10 ans,Budget ministériel,Variable,Secteurs stratégiques PND,PME avec potentiel de croissance,info@finances.gouv.ci,www.finances.gouv.ci,PUBLIC
Ministère de la Culture et de la Francophonie,MINISTERE_AGENCE,Ouvert,Projet d'Appui aux Industries Culturelles et Créatives (ICC),Soutien industries culturelles avec réhabilitation Centre Culturel Jacques AKA Bouaké,FORMATION,Côte d'Ivoire,National + Bouaké,Continu,Septembre 2024,PND 2021-2025,11.3 milliards FCFA,Variable,Mode;Design;Arts visuels;Spectacle;Cinéma;Audiovisuel,"Acteurs culturels, artistes, entrepreneurs créatifs",info@culture.gouv.ci,www.culture.gouv.ci,PUBLIC
Ministère Culture + Ministère Jeunesse,MINISTERE_AGENCE,Ouvert,Guichet de Financement aux Acteurs de la Culture,Financement direct projets culturels individuels et collectifs,FINANCEMENT,Côte d'Ivoire,"Abidjan, Cavally, Poro",Février 2025,Janvier 2025,Variable,144.5 millions FCFA première tranche,13+ projets,Tous secteurs culturels et créatifs,Porteurs projets culturels 18-55 ans,info@culture.gouv.ci,www.culture.gouv.ci,PUBLIC
"Ministère de la Femme, de la Famille et de l'Enfant",MINISTERE_AGENCE,Ouvert,Fonds d'Appui aux Femmes de Côte d'Ivoire (FAFCI),"Microcrédit taux réduit 1% pour autonomisation féminine, 90 milliards investis depuis 2012",FINANCEMENT,Côte d'Ivoire,National,Continu,2012,Permanent,30000-500000 FCFA par bénéficiaire,420000+ femmes impactées,Commerce;Artisanat;Agriculture;AGR,"Femmes 21+ ans avec projet AGR, associations féminines",contact@fafci.org,www.fafci.org,PUBLIC
"Ministère de la Femme, de la Famille et de l'Enfant",MINISTERE_AGENCE,Ouvert,Programme Usines des Femmes de Côte d'Ivoire (USIFEM-CI),Dotation unités transformation semi-industrielle pour femmes agricultrices,FORMATION,Côte d'Ivoire,31 régions + 2 districts,Continu,2020,3 ans,4.298 milliards FCFA,30000 femmes,Transformation agricole;Agro-industrie,Associations et groupements de femmes agricultrices,contact@mffe.gouv.ci,www.femme.gouv.ci,PUBLIC
Secrétariat d'État Autonomisation des Femmes,MINISTERE_AGENCE,Ouvert,Fonds National Femmes et Développement (FNFD),Financement projets entrepreneuriaux féminins urbains sans garantie,FINANCEMENT,Côte d'Ivoire,District Abidjan prioritaire,Continu,Annuel,1 an,500 millions FCFA/an,13974+ bénéficiaires,Tous secteurs entrepreneuriat féminin,"Femmes avec projets viables, pas de garanties requises",contact@autonomisation.gouv.ci,www.femme.gouv.ci,PUBLIC
Agence Côte d'Ivoire PME + MFFE,MINISTERE_AGENCE,Ouvert,Programme d'Appui aux Femmes Exportatrices (PAFE),Accompagnement femmes agroalimentaire vers export avec formation gestion et marketing,FORMATION/ACCELERATION,Côte d'Ivoire,National,Continu,2024,Permanent,Variable,Variable,Agroalimentaire;Export,Femmes entrepreneures secteur agroalimentaire,contact@cipme.ci,www.cipme.ci,PUBLIC
Ministère des Sports et du Développement de l'Économie Sportive,MINISTERE_AGENCE,Ouvert,Budget Sports 2025 - Développement Économie Sportive,Programme triennal développement sportif avec infrastructures et formation,FINANCEMENT,Côte d'Ivoire,National,31/12/2025,Janvier 2025,1 an,58 milliards FCFA,Variable,Sport;Infrastructure sportive;Formation métiers sport,"Athlètes, fédérations, entrepreneurs sportifs",contact@sports.gouv.ci,www.sports.gouv.ci,PUBLIC
Ministère Sports + WinWin Afrique,MINISTERE_AGENCE,Ouvert,Programme Agora - Sport de Proximité,"Centres sportifs multifonctionnels de proximité, objectif 91 centres nationaux",FORMATION,Côte d'Ivoire,"Abidjan, San Pedro, Korhogo, Man, Daloa, autres villes",Continu,2016,Jusqu'en 2025,27 millions EUR prêt Trésor français,60% population visée,Sport de masse;Culture;Social,"Jeunesse, associations sportives, communautés locales",contact@sports.gouv.ci,www.sports.gouv.ci,PUBLIC
Direction Générale des Sports,MINISTERE_AGENCE,Ouvert,Direction Professionnalisation et Économie du Sport (DPES),Développement filière économique sportive avec formation métiers sport,FORMATION,Côte d'Ivoire,National,Continu,Permanent,Permanent,Variable,3000 jeunes formés,Entraînement;Fitness;Management sportif;PME sportives,"Jeunes intéressés métiers sport, PME sportives",contact@sports.gouv.ci,www.sports.gouv.ci,PUBLIC
Ministère du Tourisme et des Loisirs,MINISTERE_AGENCE,À venir,SITLA 2025 - Salon International Tourisme et Loisirs Abidjan,Salon avec thème Innovations technologiques facteur développement tourisme,CONCOURS,Côte d'Ivoire,Abidjan,19-21 septembre 2025,19 septembre 2025,3 jours,Variable,100000 visiteurs attendus,Tourisme;Hôtellerie;Loisirs;Technologies,"Professionnels tourisme, startups, investisseurs",info@tourisme.gouv.ci,www.tourisme.gouv.ci,PUBLIC
Ministère du Tourisme et des Loisirs,MINISTERE_AGENCE,Ouvert,Programme Sublime Côte d'Ivoire,Stratégie nationale pour devenir 5ème destination touristique africaine,FORMATION,Côte d'Ivoire,National,Continu,2023,Jusqu'en 2025,3200 milliards FCFA,365000 emplois visés,Tourisme;Hôtellerie;Restauration;Culture,"Entreprises touristiques, hôteliers, restaurateurs",info@tourisme.gouv.ci,www.tourisme.gouv.ci,PUBLIC
Fonds de Développement Touristique,FONDS_INVESTISSEMENT,Ouvert,Fonds de Développement Touristique (FDT),"Financement projets, investissements, développement et formation tourisme",FINANCEMENT,Côte d'Ivoire,National,Continu,2007,Permanent,Variable selon projets,Illimité,Tourisme;Hôtellerie;Restauration,Entreprises et acteurs industrie touristique,contact@fdt.ci,www.tourisme.gouv.ci,PUBLIC
Ministère des Transports,MINISTERE_AGENCE,Ouvert,Budget Transports 2025 - Modernisation Infrastructure,Budget 312 milliards FCFA pour modernisation infrastructures et mobilité,INFRASTRUCTURE/FINANCEMENT,Côte d'Ivoire,National,31/12/2025,Janvier 2025,1 an,312 milliards FCFA,Variable,Transport;Logistique;Infrastructure,"Entreprises transport, logistique, BTP",info@transports.gouv.ci,www.transports.gouv.ci,PUBLIC
Ministère des Transports,MINISTERE_AGENCE,Ouvert,Fonds de Développement du Transport Routier (FDTR),Financement renouvellement parc automobile transporteurs à 7% d'intérêt,FINANCEMENT,Côte d'Ivoire,National,Continu,2025,Permanent,8.4 millions FCFA minimum,Illimité,Transport routier,Transporteurs avec compte COOPEC,contact@fdtr.ci,www.transports.gouv.ci,PUBLIC
CODINORM,MINISTERE_AGENCE,Ouvert,Programme de Certification et Normalisation PME,"Certification produits, accès normes, accompagnement mise aux normes",FORMATION,Côte d'Ivoire,National,Continu,2016,Permanent,Variable,250+ entreprises certifiées,Tous secteurs industriels,"PME tous secteurs, 305 entreprises adhérentes",info@codinorm.ci,www.codinorm.ci,PUBLIC
OIPI/FONSTI,MINISTERE_AGENCE,Ouvert,Prix de l'Innovation FONSTI 2025,"Concours innovation avec prix 10M, 7.5M, 5M FCFA + incubation",CONCOURS,Côte d'Ivoire,National,Novembre 2025,Avril 2025,8 mois,22.5 millions FCFA total,3 lauréats + mentions,Innovation;Technologies;Recherche,"Inventeurs, chercheurs, startups, étudiants tous secteurs",soumission-projet@fonsti.org,www.fonsti.org,PUBLIC
OIPI,MINISTERE_AGENCE,Ouvert,Clubs d'Invention/Innovation - Projet INVENT'DEMAIN,Développement capacités entrepreneuriales via clubs dans lycées et universités,FORMATION,Côte d'Ivoire,National,Continu,2025,Permanent,Budget OIPI,Variable,Innovation;Propriété intellectuelle;Entrepreneuriat,"Membres clubs lycées techniques, universités",contact@oipi.ci,www.oipi.ci,PUBLIC
FIRCA,MINISTERE_AGENCE,Ouvert,Fonds Compétitif pour l'Innovation Agricole Durable (FCIAD),"Financement projets innovation agricole durable, 5ème édition en cours",FINANCEMENT/RECHERCHE,Côte d'Ivoire,National,Continu,2021,18 mois max par projet,5 milliards FCFA,Variable,Agriculture;Élevage;Pêche;Foresterie,Équipes recherche publiques/privées nationales,firca@firca.ci,www.firca.ci,PUBLIC
Gouvernement CI / BAD,MINISTERE_AGENCE,Ouvert,Youth Entrepreneurship Investment Bank (YEIB),"Financement jeunes entrepreneurs énergies renouvelables, numérique, agrobusiness",INCUBATION,Côte d'Ivoire,National,31/12/2030,Mai 2025,5 ans,139.68 millions EUR,8700 jeunes (50% femmes),Énergies renouvelables;Économie numérique;Agrobusiness;Économie bleue;Textile,"Jeunes 18-35 ans, projets secteurs prioritaires",contact@bad-yeib.ci,www.finances.gouv.ci,PUBLIC
BAD / Gouvernement CI,FONDS_INVESTISSEMENT,Ouvert,Fonds Multidonateurs Entrepreneuriat et Innovation Jeunes,Fonds multi-bailleurs pour entrepreneuriat et innovation jeunes,FINANCEMENT,Côte d'Ivoire,National,31/12/2025,2023,3 ans,42.2 millions USD,Variable,Innovation;Entrepreneuriat jeunes,Jeunes entrepreneurs innovants,youth.entrepreneurship@afdb.org,www.afdb.org,INTERNATIONAL
CDC-CI Capital,MINISTERE_AGENCE,Ouvert,Programme d'Appui à l'Écosystème des Startups,Financement amorçage et assistance startups/PME ivoiriennes,FINANCEMENT/ACCELERATION,Côte d'Ivoire,National,31/12/2025,Juin 2025,6 mois,50 millions FCFA max/bénéficiaire,100 startups/PME,Tous secteurs innovation,"Entreprises légales, 1 an activité minimum, 2 membres actifs",contact@cdcci.ci,www.cdcci.ci,PUBLIC
Côte d'Ivoire PME,MINISTERE_AGENCE,Ouvert,Programme IPAS - Investisseurs et Partenaires Accélération Sahel,Accompagnement levée de fonds et parcours financement pour PME,ACCELERATION,Côte d'Ivoire,National,Continu,2025,Variable,Variable,Variable,Agro-industrie;Chimie;Pharmaceutique;Textile,PME secteurs prioritaires PND 2021-2025,contact@cipme.ci,www.cipme.ci,PUBLIC
Côte d'Ivoire PME,MINISTERE_AGENCE,Ouvert,Programme FEMMPACT,Coopération triangulaire entrepreneuriat féminin avec Maroc et Allemagne,FORMATION,Côte d'Ivoire,National,Continu,2025,Variable,Variable,Variable,Entrepreneuriat féminin tous secteurs,Femmes entrepreneures,contact@cipme.ci,www.cipme.ci,PUBLIC
Ministères techniques,MINISTERE_AGENCE,Ouvert,Programme Présidentiel d'Urgence (PPU) - Volet Entrepreneuriat,Reconversion projets PPU vers entrepreneuriat avec 240 milliards FCFA,FINANCEMENT,Côte d'Ivoire,National,31/12/2025,2025,1 an,240 milliards FCFA,Variable,Tous secteurs,Projets entrepreneuriaux ex-PPU,contact@gouvernement.ci,www.gouv.ci,PUBLIC
SGPME,MINISTERE_AGENCE,Ouvert,Société de Garantie des Crédits aux PME Ivoiriennes - Extension 2025,Garanties crédit et accès marchés publics pour PME,SUBVENTION/FINANCEMENT,Côte d'Ivoire,National,Continu,2022,Permanent,Capital État,1773+ entreprises,Tous secteurs PME,PME avec besoin garantie crédit,contact@sgpme.ci,www.sgpme.ci,PUBLIC
Réseau Initiative CI,MINISTERE_AGENCE,Ouvert,Réseau Initiative Côte d'Ivoire (RICI) - Expansion 2025,Financement et accompagnement entrepreneurs avec appui AFD,INCUBATION,Côte d'Ivoire,National,Continu,2023,Permanent,240+ millions FCFA décaissés,161+ entrepreneurs,Tous secteurs,Entrepreneurs avec projets viables,contact@initiative-ci.org,www.initiative-ci.org,PUBLIC
ONUDI / Ministères techniques,MINISTERE_AGENCE,Ouvert,Fonds d'Appui à l'Entrepreneuriat des Jeunes ONUDI,"Sélection, formation et encadrement jeunes entrepreneurs",FORMATION,Côte d'Ivoire,National,Continu,2024,2 ans,600000 EUR,Variable,Tous secteurs,Jeunes 18-35 ans,contact@onudi.ci,www.unido.org,PUBLIC
Banque Atlantique CI,ASSOCIATION_ENTREPRENEURIALE,Ouvert,Fonds BACI Entrepreneuriat Féminin,Fonds de 5 milliards FCFA pour entrepreneuriat féminin,FINANCEMENT,Côte d'Ivoire,National,Continu,2024,Permanent,5 milliards FCFA,300+ femmes,Tous secteurs,Femmes entrepreneures avec projets,contact@banqueatlantique.ci,www.banqueatlantique.net,PUBLIC
Comoé Capital / CDC-CI,FONDS_INVESTISSEMENT,Ouvert,Comoé Capital Seed Fund,Financement 20-300 millions FCFA avec coaching pour PME,INCUBATION,Côte d'Ivoire,National,Continu,2023,10 ans,20-300 millions FCFA/entreprise,50 entreprises sur 10 ans,Tous secteurs innovants,"PME innovantes, femmes majoritaires encouragées",contact@comoe-capital.ci,www.comoe-capital.ci,PUBLIC
Ministère Économie / IFC,MINISTERE_AGENCE,Ouvert,Programme IFC Côte d'Ivoire,"Portefeuille 761 millions USD pour logement, agro-industrie, PME",FINANCEMENT,Côte d'Ivoire,National,Continu,2024,Variable,761 millions USD portefeuille,Variable,Logement;Agro-industrie;Infrastructure;PME,"PME tous secteurs, 25% femmes entrepreneures",contact@ifc.org,www.ifc.org,PUBLIC
Ministère Économie / Banque Mondiale,MINISTERE_AGENCE,Ouvert,Projet e-Agriculture,Accès informations marchés et services digitaux pour exploitants,FORMATION,Côte d'Ivoire,National,Continu,2024,3 ans,35 milliards FCFA,6.1 millions exploitants,Agriculture;Numérique,Petits exploitants agricoles,contact@eagriculture.ci,www.banquemondiale.org,PUBLIC
Gouvernement CI / Banque Mondiale,MINISTERE_AGENCE,Ouvert,Cadre de Financement Lié à la Durabilité,Premier cadre SLF africain pour projets durables et verts,FINANCEMENT,Côte d'Ivoire,National,Continu,Juillet 2025,5 ans,Variable,Variable,Énergies renouvelables;Foresterie;Développement durable,"Projets énergies renouvelables, reboisement",contact@finances.gouv.ci,www.finances.gouv.ci,PUBLIC
Ministère Agriculture / FIDA,MINISTERE_AGENCE,Ouvert,Projet d'Urgence Agricole (PUA-CI),Sécurité alimentaire et relance économie agricole post-COVID,FINANCEMENT,Côte d'Ivoire,"Nord, Centre, Ouest",Continu,2024,2 ans,12.244 milliards FCFA,Variable,Agriculture;Sécurité alimentaire,Exploitants zones ciblées,contact@agriculture.gouv.ci,www.agriculture.gouv.ci,PUBLIC
Ministère Agriculture / FIDA,MINISTERE_AGENCE,Ouvert,PROPACOM-OUEST Extension,Développement agricole zones ouest avec cofinancement UNACOOPEC,FINANCEMENT,Côte d'Ivoire,"Tonpki, Kabadougou, Folon, Bafing, Worodougou, Béré",Continu,2024,3 ans,6 milliards FCFA UNACOOPEC,Variable,Agriculture;Développement rural,Coopératives et exploitants zones ouest,contact@propacom-ci.org,www.propacom-ci.org,PUBLIC
UNACOOPEC-CI / Advans CI,ASSOCIATION_ENTREPRENEURIALE,Ouvert,Programme Microfinance Agribusiness,Microfinance pour agribusiness avec objectif 1000 milliards FCFA,FINANCEMENT,Côte d'Ivoire,National,Continu,2024,2 ans,1000 milliards FCFA visés,Variable,Cacao;Anacarde;Huile palme;Hévéa;Cultures vivrières,Coopératives et exploitants filières ciblées,contact@unacoopec.ci,www.unacoopec.ci,PUBLIC
Ministère Sports,MINISTERE_AGENCE,Ouvert,Programme d'Aisance Aquatique,Programme national natation et sécurité aquatique,FORMATION,Côte d'Ivoire,National,Continu,Octobre 2022,Permanent,Budget ministériel,Illimité,Sport;Santé;Bien-être,"Jeunesse ivoirienne, population générale",contact@sports.gouv.ci,www.sports.gouv.ci,PUBLIC
Fonds Canadien,FONDS_INVESTISSEMENT,Ouvert,Fonds Canadien Initiatives Locales (FCIL),"Financement 20000-100000 CAD pour projets paix, sécurité, égalité genres",FINANCEMENT,Côte d'Ivoire,National,Variable,2025,Variable,20000-100000 CAD/projet,Variable,Paix;Sécurité;Égalité genres;Développement durable,Projets avec analyse comparative genres,ABDJN-CFLI@international.gc.ca,www.canada.ca,INTERNATIONAL




,,,,,,,,,,,,,,,,,
,,,,,,,,,,,,,,,,,
,,,,,,,,,,,,,,,,,
Par Lamine B., 20/09/2025,,,,,,,,,,,,,,,,
