institution_id,categorie_id,classification_juridique,statut,chemin_fichier,nom_original,type_mime,taille_fichier,texte_brut,nombre_pages,titre,resume,tags,source,url_source,version_document,langue,date_publication,date_entree_vigueur,date_abrogation,date_decision,parent_id,remplace_document_id,documents_associes_ids
,Constitutions,Droit constitutionnel,En vigueur,,Constitution_2016.pdf,application/pdf,,,,"Constitution de la République de Côte d'Ivoire du 8 novembre 2016","Établit les fondements juridiques pour l'entrepreneuriat, consacre le droit à la libre entreprise (article 13), garantit la sécurité des investissements et le droit de propriété","constitution;droits;entreprise;investissement","Présidence de la République","https://www.presidence.ci/wp-content/uploads/2025/06/Constitution-livret-ok.pdf","Version consolidée mod.2020,2023",FR,2016-11-08,2016-11-08,,,,,
,Ordonnances,Droit commercial général,En vigueur,,Ord_2024-857_CodeInvestissements.pdf,application/pdf,,,,"Ordonnance n°2024-857 du 30 septembre 2024 modifiant l'ordonnance n°2018-646 portant Code des investissements","Nouveau code des investissements avec réformes majeures pour rationaliser les avantages fiscaux et douaniers, régimes déclaration et agrément, avantages selon zones géographiques","investissement;incitations;fiscalité;PME","CEPICI","https://www.artci.ci/images/stories/pdf/autre_documents/Code_investissement.pdf","Modification de l'Ord.2018-646",FR,2024-09-30,2024-09-30,,,,"2",
,Actes uniformes OHADA,Droit des sociétés,En vigueur,,AU_OHADA_2014_Societes.pdf,application/pdf,,,,"Acte uniforme révisé relatif au droit des sociétés commerciales et du GIE (30 janvier 2014)","Régit toutes les formes de sociétés commerciales (SARL, SA, SAS, SNC, GIE), définit les règles de constitution, fonctionnement, transformation et dissolution","sociétés;OHADA;SARL;SA;GIE","OHADA","https://www.droit-afrique.com/upload/doc/ohada/Ohada-Acte-Uniforme-2014-Societes-commerciales-GIE.pdf","Révision de l'AU de 1997",FR,2014-01-30,2014-05-05,,,,,
,Lois ordinaires,Droit fiscal et douanier,En vigueur,,LF_2025.pdf,application/pdf,,,,"Loi de finances n°2024-1109 du 18 décembre 2024 portant budget de l'État pour 2025","Innovations fiscales majeures : suspension temporaire droits et taxes phase investissement, nouvelles règles entreprises non-résidentes, suppression certaines exonérations TVA","fiscalité;budget;TVA;impôts","DGBF","https://www.dgbf.ci/wp-content/uploads/loi-finances-2025.pdf","Loi initiale 2025",FR,2024-12-18,2025-01-01,,,,,
,Codes,Droit fiscal et douanier,En vigueur,,CGI_2025.pdf,application/pdf,,,,"Code Général des Impôts de la Côte d'Ivoire - Édition 2025","Document fondamental du système fiscal comprenant tous les impôts directs et indirects, régimes d'imposition, procédures fiscales","impôts;fiscalité;taxes;CGI","DGI","https://dgi.cgici.com/indexs.htm","Édition consolidée 2025",FR,2025-01-04,2025-01-04,,,,,
,Codes,Droit du travail,En vigueur,,Code_Travail_2015.pdf,application/pdf,,,,"Loi N° 2015-532 du 20 juillet 2015 portant Code du Travail","Définit les relations employeur-salarié, conditions de travail, introduit le télétravail, fixe procédures de licenciement, régit contrats de travail","travail;emploi;télétravail;salariés","Ministère de l'Emploi","https://www.ilo.org/dyn/natlex/docs/MONOGRAPH/101756/122686/F1492153652/CIV-101756.pdf","Code consolidé",FR,2015-07-20,2015-07-20,,,,,
,Actes uniformes OHADA,Droit commercial général,En vigueur,,AU_OHADA_2010_CommercialGeneral.pdf,application/pdf,,,,"Acte uniforme révisé portant sur le droit commercial général (15 décembre 2010)","Définit le statut du commerçant et de l'entreprenant, organise le RCCM, régit les baux professionnels, fonds de commerce, vente commerciale","commerce;RCCM;entreprenant;OHADA","OHADA","https://www.droit-afrique.com/upload/doc/ohada/Ohada-Acte-Uniforme-2010-droit-commercial.pdf","Révision de l'AU de 1997",FR,2010-12-15,2011-05-15,,,,,
,Lois ordinaires,Droit des télécommunications,En vigueur,,Loi_2024-352_Communications.pdf,application/pdf,,,,"Loi n°2024-352 du 06 juin 2024 relative aux communications électroniques","Nouveau cadre réglementaire des télécommunications et services numériques, obligation récépissé déclaration pour plateformes, régulation contenus électroniques","télécoms;numérique;plateformes","Ministère Transition Numérique","https://telecom.gouv.ci/new/uploads/publications/173063856293.pdf","Remplace Ord.2012-293",FR,2024-06-06,2024-06-06,,,,,"10"
,Lois ordinaires,Droit commercial général,En vigueur,,Loi_2023-901_Startups.pdf,application/pdf,,,,"Loi n°2023-901 du 23 novembre 2023 portant promotion des startups numériques","Statut et labellisation des startups, avantages douaniers et fiscaux, marchés publics spécifiques, accompagnement, durée label max 5 ans","startup;innovation;numérique;label","Ministère Transition Numérique","https://uvci.online/portail/externes/documents/textes_officiels/loi-2023-901-promotion-des-startups-numeriques1.pdf","Texte initial",FR,2023-11-23,2023-11-23,,,,,
,Décrets,Droit commercial général,En vigueur,,Decret_2012-867_CEPICI.pdf,application/pdf,,,,"Décret N° 2012-867 du 06 septembre 2012 portant création du CEPICI","Texte fondateur du CEPICI instituant le Guichet Unique de l'investissement, centralise toutes formalités de création d'entreprise","CEPICI;guichet unique;investissement","SGG","https://sgg.gouv.ci/photo_doc/1373646863Decret_N_2012-867.pdf",,FR,2012-09-06,2012-09-06,,,,,
,Ordonnances,Droit commercial général,En vigueur,,Ord_2018-644_IDU.pdf,application/pdf,,,,"Ordonnance n°2018-644 du 1er août 2018 instituant l'identifiant unique des entreprises","Création de l'IDU remplaçant tous numéros administratifs (RCCM, compte contribuable, CNPS), simplifie drastiquement les formalités","IDU;identifiant unique;simplification","Présidence","http://altiorpartners.com/wp-content/uploads/2018/12/Institution-dun-identifiant-unique-des-entreprises-en-Côte-dIvoire.pdf",,FR,2018-08-01,2018-10-01,,,,,
,Décrets,Droit du travail,En vigueur,,Decret_2022-986_SMIG.pdf,application/pdf,,,,"Décret N° 2022-986 portant revalorisation du SMIG","SMIG fixé à 75 000 FCFA/mois (augmentation 25%), applicable 40h hebdomadaires, base calcul cotisations sociales","SMIG;salaire minimum;cotisations","Ministère de l'Emploi","https://www.gouv.ci/doc/decret-smig-2022.pdf",,FR,2022-12-21,2023-01-01,,,,,
,Lois ordinaires,Droit de la sécurité sociale,En vigueur,,Loi_2014-131_CMU.pdf,application/pdf,,,,"Loi N° 2014-131 du 24 mars 2014 instituant la CMU","Couverture Maladie Universelle obligatoire, 1000 FCFA/mois/personne, prise en charge 70% frais médicaux","CMU;santé;sécurité sociale","CNAM","https://www.gouv.ci/_actualite-article.php?recordID=14078",,FR,2014-03-24,2019-10-01,,,,,
,Décrets,Droit du travail,En vigueur,,Decret_2022-31_Teletravail.pdf,application/pdf,,,,"Décret N° 2022-31 du 12 janvier 2022 fixant modalités du télétravail","Définit le télétravail, formalisation par contrat/avenant, obligations employeur, protection accidents travail","télétravail;travail distant;covid","Ministère de l'Emploi","https://www.ilo.org/dyn/natlex/docs/ELECTRONIC/112229/140022/F-1780871468/CIV-112229.pdf",,FR,2022-01-12,2022-01-12,,,,,
,Lois ordinaires,Droit des télécommunications,En vigueur,,Loi_2013-450_DonneesPersonnelles.pdf,application/pdf,,,,"Loi n°2013-450 du 19 juin 2013 relative à la protection des données personnelles","Cadre juridique protection données, obligation Correspondant Protection Données, sanctions jusqu'à 20M FCFA","données personnelles;RGPD;protection","ARTCI","https://www.artci.ci/images/stories/pdf/lois/loi_2013_450.pdf",,FR,2013-06-19,2013-06-19,,,,,
,Lois ordinaires,Droit des télécommunications,En vigueur,,Loi_2013-546_TransactionsElectroniques.pdf,application/pdf,,,,"Loi n°2013-546 du 30 juillet 2013 relative aux transactions électroniques","Cadre juridique e-commerce, reconnaissance juridique transactions dématérialisées, validation contrats électroniques","e-commerce;signature électronique;numérique","ARTCI","https://www.artci.ci/images/stories/pdf/lois/loi_2013_546.pdf",,FR,2013-07-30,2013-07-30,,,,,
,Lois ordinaires,Droit pénal des affaires,En vigueur,,Loi_2013-451_Cybercriminalite.pdf,application/pdf,,,,"Loi n°2013-451 du 19 juin 2013 relative à la lutte contre la cybercriminalité","Sanctions cybercriminalité 1-20 ans prison, amendes 5-100M FCFA, obligation sécuriser données","cybercriminalité;sécurité;sanctions","ARTCI","https://www.droit-afrique.com/upload/doc/cote-divoire/RCI-Loi-2013-451-lutte-cyber-criminalite.pdf",,FR,2013-06-19,2023-06-07,,,,,
,Actes uniformes OHADA,Droit des sociétés,En vigueur,,AU_OHADA_2017_Comptabilite.pdf,application/pdf,,,,"Acte uniforme relatif au droit comptable et à l'information financière - SYSCOHADA (26 janvier 2017)","Modernise système comptable OHADA, obligation états financiers IFRS sociétés cotées, système minimal trésorerie petites entités","comptabilité;SYSCOHADA;IFRS;PME","OHADA","https://www.droit-afrique.com/uploads/OHADA-Acte-uniforme-2017-droit-comptable-information-financiere.pdf",,FR,2017-01-26,2018-01-01,,,,,
,Actes uniformes OHADA,Droit des obligations et contrats,En vigueur,,AU_OHADA_2010_Suretes.pdf,application/pdf,,,,"Acte uniforme révisé portant organisation des sûretés (15 décembre 2010)","Harmonise sûretés mobilières et immobilières, élargit biens en sûretés, simplifie constitution, renforce efficacité","sûretés;garanties;crédit;OHADA","OHADA","https://www.droit-afrique.com/upload/doc/ohada/Ohada-Acte-Uniforme-2010-suretes.pdf","Révision de l'AU de 1997",FR,2010-12-15,2011-05-15,,,,,
,Actes uniformes OHADA,Droit commercial général,En vigueur,,AU_OHADA_2015_ProceduresCollectives.pdf,application/pdf,,,,"Acte uniforme portant organisation des procédures collectives (10 septembre 2015)","Étend champ application personnes physiques indépendantes, privilégie sauvegarde entreprises viables, protection créanciers","faillite;redressement;liquidation;OHADA","OHADA","https://www.droit-afrique.com/uploads/OHADA-Acte-uniforme-2015-Procedures-collectives.pdf",,FR,2015-09-10,2015-12-24,,,,,
,Instructions,Droit bancaire et financier,En vigueur,,Instruction_BCEAO_2024_Paiement.pdf,application/pdf,,,,"Instruction BCEAO n°001-01-2024 relative aux services de paiement dans l'UMOA","Obligation agrément EDP, capital minimum 100M FCFA, procédures strictes fintechs","fintech;paiement;BCEAO;EDP","BCEAO","https://www.bceao.int/sites/default/files/instruction-001-01-2024.pdf",,FR,2024-01-01,2025-05-01,,,,,
,Lois ordinaires,Droit commercial général,En vigueur,,Loi_2016-555_DroitAuteur.pdf,application/pdf,,,,"Loi n° 2016-555 du 26 juillet 2016 relative au droit d'auteur et droits voisins","Protection œuvres esprit 99 ans après mort auteur, distingue droits moraux et patrimoniaux, gestion collective BURIDA","propriété intellectuelle;droit d'auteur;BURIDA","Ministère Culture","https://culture.gouv.ci/wp-content/uploads/2023/06/Loi-n°-2016-555-du-26-JUIL.-2016-DROIT-DAUTEUR-ET-DV.pdf",,FR,2016-07-26,2016-07-26,,,,,
,Traités internationaux,Droit commercial général,En vigueur,,Accord_Bangui_OAPI_2015.pdf,application/pdf,,,,"Accord de Bangui instituant l'OAPI révisé le 14 décembre 2015","Texte référence protection industrielle, brevets 20 ans, marques 10 ans renouvelables, procédure unique 17 pays","OAPI;brevets;marques;propriété industrielle","OAPI","http://siege.oapi.int/Ressources/accord_bangui/2020/francais.pdf",,FR,2015-12-14,2020-11-20,,,,,
,Décrets,Droit commercial général,En vigueur,,Decret_2005-112_OIPI.pdf,application/pdf,,,,"Décret n° 2005-112 du 24 février 2005 portant création de l'OIPI","Crée l'Office Ivoirien Propriété Intellectuelle, interlocuteur unique dépôts brevets/marques, conseil et assistance","OIPI;propriété intellectuelle;brevets","OIPI","https://wipolex-res.wipo.int/edocs/lexdocs/laws/fr/ci/ci010fr.pdf",,FR,2005-02-24,2005-02-24,,,,,
,Codes,Droit fiscal et douanier,En vigueur,,Code_Douanes_2022.pdf,application/pdf,,,,"Loi n°2022-975 du 23 novembre 2022 portant Code des Douanes","Texte fondamental régime douanier, pouvoirs administration, procédures dédouanement, régimes économiques, sanctions","douanes;import-export;dédouanement","DG Douanes","https://www.douanes.ci/sites/default/files/code_de_douanes/Code_des_Douanes_Partie_Partie_Legis.pdf",,FR,2022-11-23,2023-07-21,,,,,
,Règlements UEMOA/CEDEAO,Droit communautaire ouest-africain,En vigueur,,TEC_CEDEAO_2022.pdf,application/pdf,,,,"Tarif Extérieur Commun CEDEAO version 2022","Tarif uniforme importations pays tiers, 6381 lignes tarifaires, 5 catégories (0-35%), redevances diverses","TEC;CEDEAO;tarif douanier","DG Douanes","https://www.douanes.ci/tec-cedeao-2022.pdf",,FR,2023-07-31,2023-08-01,,,,,
,Décrets,Droit commercial général,En vigueur,,Decret_2018-358_PPP.pdf,application/pdf,,,,"Décret n°2018-358 du 29 mars 2018 fixant règles des PPP","Cadre juridique partenariats public-privé, procédures attribution, modalités gestion, attirer investissements privés","PPP;partenariat;investissement public","CNP-PPP","https://ppp.gouv.ci/documents/decret-2018-358.pdf",,FR,2018-03-29,2018-03-29,,,,,
,Ordonnances,Droit fiscal et douanier,En vigueur,,Ord_2013-281_ReductionCouts.pdf,application/pdf,,,,"Ordonnance n°2013-281 du 24 avril 2013 réduction coûts fiscaux création entreprises","Exonération droits enregistrement sociétés capital <10M FCFA, réduction coûts constitution","création entreprise;fiscalité;PME","Présidence","https://www.dgi.gouv.ci/ordonnance-2013-281.pdf",,FR,2013-04-24,2013-05-15,,,,,
,Circulaires,Droit fiscal et douanier,En vigueur,,Note_DGI_2023_TVA_Plateformes.pdf,application/pdf,,,,"Note n°03949/MBPE/DGI/DLCD du 09 octobre 2023 TVA plateformes numériques","TVA 18% plateformes non-résidentes, immatriculation simplifiée distance, télédéclaration obligatoire","TVA;plateformes;numérique;fiscalité","DGI","https://www.dgi.gouv.ci/assets/documents/note_explicative_03949_version_anglaise.pdf",,FR,2023-10-09,2024-04-01,,,,,
,Lois ordinaires,Droit bancaire et financier,En vigueur,,Loi_2016-992_Blanchiment.pdf,application/pdf,,,,"Loi N° 2016-992 du 14 novembre 2016 lutte contre blanchiment capitaux","Obligations institutions financières, déclarations soupçon, seuils déclaration, sanctions","blanchiment;conformité;CENTIF","Ministère Finances","https://www.centif.ci/docs/loi-2016-992.pdf",,FR,2016-11-14,2016-11-14,,,,,
,Décrets,Droit de la sécurité sociale,En vigueur,,Decret_2020-308_RSTI.pdf,application/pdf,,,,"Décret N° 2020-308 du 4 mars 2020 régime social travailleurs indépendants","RSTI pour artisans/commerçants/professions libérales, cotisation 12%, assiette 30-150k FCFA","RSTI;indépendants;CNPS;cotisations","CNPS","https://www.cnps.ci/wp-content/uploads/2020/08/RSTI.pdf",,FR,2020-03-04,2020-03-04,,,,,
,Ordonnances,Droit des télécommunications,En vigueur,,Ord_2017-500_EchangesElectroniques.pdf,application/pdf,,,,"Ordonnance n°2017-500 du 02 août 2017 échanges électroniques avec administrations","Échanges électroniques entre usagers et autorités administratives, dématérialisation procédures","e-administration;dématérialisation;numérique","Présidence","https://www.artci.ci/images/stories/pdf/ordonnances/ordonnance-2017-500.pdf",,FR,2017-08-02,2017-08-02,,,,,
,Décrets,Droit des télécommunications,En vigueur,,Decret_2016-851_ArchivageElectronique.pdf,application/pdf,,,,"Décret n°2016-851 du 19 octobre 2016 archivage électronique","Modalités mise en œuvre archivage électronique, cadre dématérialisation documents","archivage;dématérialisation;numérique","SGG","https://www.artci.ci/images/stories/pdf/decrets/decret-2016-851.pdf",,FR,2016-10-19,2016-10-19,,,,,
,Actes uniformes OHADA,Droit commercial général,En vigueur,,AU_OHADA_2023_Recouvrement.pdf,application/pdf,,,,"Acte uniforme portant procédures simplifiées recouvrement (17 octobre 2023)","Modernise procédures recouvrement, délais courts, procédures simplifiées, protection débiteurs","recouvrement;saisie;OHADA","OHADA","https://www.ohada.org/acte-uniforme-2023-recouvrement.pdf",,FR,2023-10-17,2024-02-16,,,,,
,Actes uniformes OHADA,Droit des transports,En vigueur,,AU_OHADA_2003_TransportRoute.pdf,application/pdf,,,,"Acte uniforme relatif aux contrats transport marchandises par route (22 mars 2003)","Régit contrats transport marchandises route espace OHADA, formation, exécution, responsabilité","transport;logistique;OHADA","OHADA","https://www.idit.fr/legislation/documents/Acte_OHADA_Transport.pdf",,FR,2003-03-22,2004-01-01,,,,,
,Actes uniformes OHADA,Droit des obligations et contrats,En vigueur,,AU_OHADA_2017_Mediation.pdf,application/pdf,,,,"Acte uniforme relatif à la médiation (23 novembre 2017)","Cadre juridique sécurisé médiation commerciale, modes alternatifs règlement différends","médiation;ADR;OHADA","OHADA","http://www.droit-afrique.com/uploads/OHADA-Acte-Uniforme-2017-mediation.pdf",,FR,2017-11-23,2018-03-15,,,,,
,Actes uniformes OHADA,Droit des obligations et contrats,En vigueur,,AU_OHADA_2017_Arbitrage.pdf,application/pdf,,,,"Acte uniforme relatif au droit de l'arbitrage (23 novembre 2017)","Modernise droit arbitrage OHADA, renforce principe compétence-compétence, facilite arbitrage","arbitrage;ADR;CCJA;OHADA","OHADA","http://www.droit-afrique.com/uploads/Ohada-Acte-Uniforme-2017-Arbitrage.pdf",,FR,2017-11-23,2018-03-15,,,,,
,Lois ordinaires,Droit pénal des affaires,En vigueur,,Loi_2017-727_SanctionsOHADA.pdf,application/pdf,,,,"Loi n° 2017-727 du 9 novembre 2017 répression infractions Actes uniformes OHADA","Détermine sanctions pénales applicables infractions prévues Actes uniformes OHADA","sanctions;OHADA;pénal","Journal Officiel CI","https://www.ohada.org/loi-ivoirienne-sanctions-penales.pdf",,FR,2017-11-09,2017-12-14,,,,,
,Décrets,Droit commercial général,En vigueur,,Decret_2015-271_BURIDA.pdf,application/pdf,,,,"Décret n° 2015-271 du 22 avril 2015 réforme BURIDA","Bureau Ivoirien Droit Auteur, gestion collective 6000+ membres, 72000+ œuvres, collecte/redistribution redevances","BURIDA;droits d'auteur;gestion collective","BURIDA","http://www.oapi.int/Ressources/documentsPLA/REGLEMENTS/COTEDIVOIRE/decret_reorganisation_Burida.pdf",,FR,2015-04-22,2015-04-22,,,,,
,Codes,Droit fiscal et douanier,En vigueur,,Regime_RME_2021.pdf,application/pdf,,,,"Régime des Microentreprises (RME) - Annexe fiscale 2021","Régime CA 50-200M FCFA, taux unique 7% libératoire, gestion DGI, pas facturation TVA","RME;microentreprise;fiscalité;PME","DGI","https://pme.gouv.ci/static/docs/textesjuridiques/pme/CCMfiscalite_des_PME.pdf",,FR,2021-01-08,2021-01-08,,,,,
,Décrets,Droit commercial général,En vigueur,,Decret_2016-1152_VOC.pdf,application/pdf,,,,"Décret n°2016-1152 du 28 décembre 2016 certification obligatoire VOC","CODINORM certification obligatoire 2861 lignes produits seuil 1M FCFA, 4 organismes agréés","certification;VOC;qualité;import","CODINORM","https://pwic.gouv.ci/docs/voc-2016.pdf",,FR,2016-12-28,2019-02-01,,,,,
,Traités internationaux,Droit communautaire ouest-africain,En vigueur,,Accord_APE_UE_CI.pdf,application/pdf,,,,"Accord de Partenariat Économique UE-Côte d'Ivoire","Accès préférentiel marché européen, démantèlement tarifaire progressif, facilitation douanière","APE;UE;commerce;export","UE/Ministère Commerce","https://www.assemblee-nationale.fr/14/projets/pl1163-ei.pdf",,FR,2008-01-01,2008-01-01,,,,,
,Traités internationaux,Droit fiscal et douanier,En vigueur,,Convention_Fiscale_France_CI.pdf,application/pdf,,,,"Convention fiscale France-Côte d'Ivoire du 6 avril 1966","Éviter doubles impositions, assistance administrative, territorialité revenus, régimes spéciaux","convention fiscale;France;impôts","DGI","https://www.impots.gouv.fr/sites/default/files/media/10_conventions/cote_ivoire/cote_ivoire_convention_avec_la_france.pdf",,FR,1966-04-06,1966-04-06,,,,,
,Décrets,Droit commercial général,En vigueur,,Decret_1993-313_CodeImportExport.pdf,application/pdf,,,,"Décret n°93-313 du 11 mars 1993 code importateur/exportateur","Code importateur/exportateur obligatoire, licences spécifiques certains produits, régime libéral général","import;export;commerce;licence","Ministère Commerce","https://servicepublic.gouv.ci/docs/code-importateur.pdf",,FR,1993-03-11,1993-03-11,,,,,
,Ordonnances,Droit commercial général,En vigueur,,Ord_2013-662_Concurrence.pdf,application/pdf,,,,"Ordonnance n°2013-662 relative à la concurrence","Réglemente pratiques anticoncurrentielles, abus position dominante, ententes illicites","concurrence;antitrust;régulation","Ministère Commerce","https://www.commerce.gouv.ci/docs/ordonnance-concurrence-2013.pdf",,FR,2013-09-20,2013-09-20,,,,,
,Codes,Droit de l'environnement,En vigueur,,Code_Environnement_2023.pdf,application/pdf,,,,"Code de l'Environnement - Loi N°2023-900 du 23 novembre 2023","Évaluations environnementales obligatoires projets investissement, protection environnement","environnement;EIE;protection","Ministère Environnement","https://www.environnement.gouv.ci/docs/code-environnement-2023.pdf",,FR,2023-11-23,2023-11-23,,,,,
,Codes,Droit des télécommunications,En vigueur,,Code_Telecommunications_2012.pdf,application/pdf,,,,"Code des Télécommunications - Ordonnance 2012-293 du 21 mars 2012","Libéralisation secteur télécoms, régulation ARTCI, innovation numérique","télécoms;ARTCI;régulation","ARTCI","https://www.artci.ci/images/stories/pdf/ordonnance_2012_293.pdf",,FR,2012-03-21,2012-03-21,,,,,
,Codes,Droit maritime et portuaire,En vigueur,,Code_Maritime_2017.pdf,application/pdf,,,,"Code Maritime - Loi n°2017-442 du 30 juin 2017","Développement activités portuaires et logistiques, transport maritime, sécurité navigation","maritime;ports;navigation","Ministère Transports","https://www.transports.gouv.ci/docs/code-maritime-2017.pdf",,FR,2017-06-30,2017-06-30,,,,,
,Instructions,Droit bancaire et financier,En vigueur,,Instruction_BCEAO_2025_Conformite.pdf,application/pdf,,,,"Instruction n°001-03-2025 du 18 mars 2025 conformité LBC/FT","Modalités mise œuvre obligations conformité lutte blanchiment capitaux institutions financières","conformité;LBC/FT;BCEAO","BCEAO","https://www.bceao.int/sites/default/files/instruction-001-03-2025.pdf",,FR,2025-03-18,2025-04-01,,,,,
,Lois organiques,Droit fiscal et douanier,En vigueur,,LOLF_2014-336.pdf,application/pdf,,,,"Loi organique n° 2014-336 du 5 juin 2014 relative aux lois de finances","Nouvelle loi organique budgétaire alignée sur normes UEMOA, procédures élaboration et exécution budget","LOLF;budget;finances publiques","Journal Officiel","https://www.dgbf.ci/lolf-2014-336.pdf",,FR,2014-06-05,2015-01-01,,,,,
,Codes,Droit fiscal et douanier,En vigueur,,Code_MarchesPublics_2019.pdf,application/pdf,,,,"Ordonnance n° 2019-679 du 24 juillet 2019 portant Code des marchés publics","Nouveau Code marchés publics aligné standards UEMOA, procédures passation, transparence, quotas PME 30%","marchés publics;ARCOP;PME","ARCOP","https://arcop.ci/wp-content/uploads/2025/07/anrmpcode-des-marches-publics-2023.pdf",,FR,2019-07-24,2019-07-24,,,,,
,Lois ordinaires,Droit commercial général,En vigueur,,Loi_2016-412_Consommation.pdf,application/pdf,,,,"Loi n° 2016-412 du 15 juin 2016 relative à la consommation","Loi protection consommateur, information loyale, clauses abusives sanctionnées, garantie légale","consommation;protection;garantie","Ministère Commerce","https://www.commerce.gouv.ci/loi-2016-412-consommation.pdf",,FR,2016-06-15,2016-06-15,,,,,
,Codes,Droit minier et pétrolier,En vigueur,,Code_Minier_2014.pdf,application/pdf,,,,"Loi n° 2014-138 du 24 mars 2014 portant Code minier","Nouveau Code minier facilitant investissement secteur minier, types permis, régime fiscal minier","mines;permis;ressources","DGMG","https://droit-afrique.com/uploads/Cote-Ivoire-Code-2014-minier.pdf",,FR,2014-03-24,2014-08-14,,,,,
,Codes,Droit minier et pétrolier,En vigueur,,Code_Petrolier_2012.pdf,application/pdf,,,,"Code pétrolier modifié par Ordonnance 2012-369 du 18 avril 2012","Régit activités exploration exploitation hydrocarbures, contrats pétroliers, fiscalité pétrolière","pétrole;hydrocarbures;exploration","CEPICI","https://cepici.gouv.ci/documents/Code_petrolier_ordonnance_2012-369.pdf",,FR,2012-04-18,2012-04-18,,,,,
,Lois ordinaires,Droit des sociétés,En vigueur,,Loi_2020-626_SocietesEtat.pdf,application/pdf,,,,"Loi n° 2020-626 du 14 août 2020 portant régime juridique des sociétés d'État","Fixe cadre juridique entreprises publiques, création, administration, contrôle et tutelle","sociétés d'État;entreprise publique","Journal Officiel","https://www.igf.finances.gouv.ci/wp-content/uploads/loi_n%C2%B0-2020-626_societes-dEtat.pdf",,FR,2020-08-14,2020-08-14,,,,,
,Codes,Droit foncier et domanial,En vigueur,,Loi_1998-750_FoncierRural.pdf,application/pdf,,,,"Loi n° 98-750 du 23 décembre 1998 domaine foncier rural modifiée","Établit régime terres rurales coutumières, réservées Ivoiriens, procédure certification foncière","foncier rural;terres;propriété","AFOR","https://www.clientearth.fr/media/daznyf03/loi-98-750-modifiee-2019-domaine-foncier-rural.pdf","Modifiée 2019",FR,1998-12-23,1998-12-23,,,,,
,Lois ordinaires,Droit de la famille,En vigueur,,Loi_2019-570_Mariage.pdf,application/pdf,,,,"Loi n° 2019-570 du 26 juin 2019 relative au mariage","Réforme régime juridique mariage, trois régimes matrimoniaux, égalité époux, âge minimum relevé","mariage;famille;époux","MFFE","https://www.famille.gouv.ci/public/documents/textes/loi_2019-570_sur_le_mariage.pdf",,FR,2019-06-26,2019-07-02,,,,,
,Lois ordinaires,Droit de la famille,En vigueur,,Loi_2019-573_Successions.pdf,application/pdf,,,,"Loi n° 2019-573 du 26 juin 2019 relative aux successions","Met à jour régime successions, égalité conjoints survivants héritage, supprime discriminations","successions;héritage;patrimoine","MFFE","https://www.famille.gouv.ci/public/documents/textes/Loi-n%C2%B02019-573-sur-successions.pdf",,FR,2019-06-26,2019-07-02,,,,,
,Traités internationaux,Droit OHADA,En vigueur,,Traite_OHADA_1993.pdf,application/pdf,,,,"Traité du 17 octobre 1993 relatif à l'harmonisation du droit des affaires en Afrique","Traité fondateur OHADA créant droit affaires commun et Cour Commune CCJA","OHADA;traité;intégration","OHADA","https://www.ohada.org/traite-ohada-1993.pdf","Révisé 2008",FR,1993-10-17,1995-09-18,,,,,
,Traités internationaux,Droit communautaire ouest-africain,En vigueur,,Traite_UEMOA_1994.pdf,application/pdf,,,,"Traité du 10 janvier 1994 portant création de l'UEMOA","Traité instituant UEMOA, union douanière et monétaire, harmonisation politiques économiques","UEMOA;intégration;franc CFA","UEMOA","https://www.uemoa.int/traite-uemoa-1994.pdf",,FR,1994-01-10,1994-08-01,,,,,
,Traités internationaux,Droit communautaire ouest-africain,En vigueur,,Traite_CEDEAO_1993.pdf,application/pdf,,,,"Traité révisé du 24 juillet 1993 de la CEDEAO","Traité établissant CEDEAO, coopération économique régionale, libre circulation personnes et biens","CEDEAO;intégration;libre circulation","CEDEAO","https://www.ecowas.int/traite-cedeao-1993.pdf",,FR,1993-07-24,1995-08-01,,,,,
,Codes,Droit de la sécurité sociale,En vigueur,,Code_PrevoyanceSociale_1999.pdf,application/pdf,,,,"Loi n° 99-477 du 2 août 1999 portant Code de prévoyance sociale","Code sécurité sociale définissant régime général CNPS, pensions, prestations familiales, accidents travail","sécurité sociale;CNPS;prestations","CNPS","https://www.cnps.ci/code-prevoyance-sociale-1999.pdf",,FR,1999-08-02,2000-01-01,,,,,
,Codes,Droit des assurances,En vigueur,,Code_CIMA_1992.pdf,application/pdf,,,,"Code CIMA des Assurances (Traité du 10 juillet 1992)","Code interafricain assurances applicable Côte d'Ivoire, règles contrats assurance et supervision","assurances;CIMA;supervision","CIMA","https://cima-afrique.org/code-cima-1992.pdf",,FR,1992-07-10,1995-02-15,,,,,
,Ordonnances,Droit pénal des affaires,En vigueur,,Ord_2013-660_Corruption.pdf,application/pdf,,,,"Ordonnance n° 2013-660 du 20 septembre 2013 lutte contre la corruption","Mesures prévention répression corruption, déclaration patrimoine, création HABG","corruption;gouvernance;HABG","HABG","https://habg.ci/IMG/pdf/ordonnance_2013-660_contre_corruption.pdf",,FR,2013-09-20,2013-09-20,,,,,
,Codes,Droit administratif,En vigueur,,Code_ProcedurePenale_2018.pdf,application/pdf,,,,"Loi n° 2018-975 du 27 décembre 2018 portant Code de procédure pénale","Nouveau Code procédure pénale modernisant procédure pénale ivoirienne conforme Constitution 2016","procédure pénale;justice;procès","Journal Officiel","https://www.justice.gouv.ci/code-procedure-penale-2018.pdf",,FR,2018-12-27,2019-06-27,,,,,
,Codes,Droit administratif,En vigueur,,Code_ProcedureCivile_2017.pdf,application/pdf,,,,"Loi n° 2017-728 du 9 novembre 2017 Code de procédure civile","Met à jour Code procédure civile, accélération procédures, notification électronique","procédure civile;tribunaux;contentieux","Journal Officiel","https://www.justice.gouv.ci/code-procedure-civile-2017.pdf",,FR,2017-11-09,2017-11-09,,,,,
,Lois ordinaires,Droit commercial général,En vigueur,,Loi_2014-140_PME.pdf,application/pdf,,,,"Loi n° 2014-140 du 24 mars 2014 orientation politique nationale promotion PME","Cadre stratégique développement PME ivoiriennes, définitions, mesures d'appui","PME;promotion;politique","Journal Officiel","https://pme.gouv.ci/docs/loi-n-2014-140_politique_PME.pdf",,FR,2014-03-24,2014-03-24,,,,,
,Codes,Droit commercial général,En vigueur,,Code_Artisanat_2014.pdf,application/pdf,,,,"Loi n° 2014-338 du 05 juin 2014 relative à l'artisanat","Code artisanat ivoirien, statut artisans, Chambres métiers, incitations organisation secteur","artisanat;PME;métiers","Journal Officiel","https://www.artisanat.gouv.ci/code-artisanat-2014.pdf",,FR,2014-06-05,2014-06-05,,,,,
,Lois ordinaires,Droit de la famille,En vigueur,,Loi_2019-571_Filiation.pdf,application/pdf,,,,"Loi n° 2019-571 du 26 juin 2019 relative à la filiation","Révise règles filiation, facilite reconnaissance enfants nés hors mariage, supprime délais","filiation;enfants;adoption","MFFE","https://www.famille.gouv.ci/public/documents/textes/Loi-n%C2%B02019-571-sur-la-filiation.pdf",,FR,2019-06-26,2019-07-02,,,,,
,Lois ordinaires,Droit international privé,En vigueur,,Loi_2013-653_Nationalite.pdf,application/pdf,,,,"Loi n° 2013-653 du 13 septembre 2013 modifiant Code nationalité","Réforme Code nationalité, accès nationalité personnes nées Côte d'Ivoire parents étrangers","nationalité;citoyenneté;naturalisation","MJustice","https://www.justice.gouv.ci/loi-2013-653-nationalite.pdf",,FR,2013-09-13,2013-09-13,,,,,
,Codes,Droit de l'environnement,En vigueur,,Code_Eau_2023.pdf,application/pdf,,,,"Loi n° 2023-902 du 23 novembre 2023 portant Code de l'eau","Nouveau Code eau, gestion intégrée ressources eau, droit accès eau potable, assainissement","eau;ressources hydriques;assainissement","Min. Eaux & Forêts","https://onepci.net/onep_documents/loi-portant-Code-de-lEau.pdf",,FR,2023-11-23,2023-11-23,,,,,
,Codes,Droit de l'environnement,En vigueur,,Code_Forestier_2019.pdf,application/pdf,,,,"Loi n° 2019-675 du 23 juillet 2019 portant Code forestier","Code forestier gestion durable forêts, lutte déforestation, objectif 20% couverture forestière","forêts;ressources naturelles;climat","Min. Eaux & Forêts","https://droit-afrique.com/uploads/Cote-Ivoire-Code-2019-forestier.pdf",,FR,2019-07-23,2019-07-23,,,,,
,Codes,Droit des transports,En vigueur,,Code_AviationCivile_2022.pdf,application/pdf,,,,"Loi n° 2022-887 du 23 novembre 2022 portant Code aviation civile","Nouveau Code aviation civile conforme normes OACI, organisation ANAC, sûreté sécurité aériennes","aviation;transport aérien;ANAC","ANAC","https://droit-afrique.com/uploads/Cote-Ivoire-Code-2022-Aviation-civile.pdf",,FR,2022-11-23,2022-11-23,,,,,
,Lois ordinaires,Droit des télécommunications,En vigueur,,Loi_2017-867_Presse.pdf,application/pdf,,,,"Loi n° 2017-867 du 27 décembre 2017 régime juridique presse","Nouvelle loi presse, dépénalisation délits presse, création ANP organe régulation","presse;médias;ANP","ANP","https://communication.gouv.ci/wp-content/uploads/2022/08/RECUEIL-Ministere-Communications.pdf",,FR,2017-12-27,2018-01-04,,,,,
,Lois ordinaires,Droit des télécommunications,En vigueur,,Loi_2017-868_Audiovisuel.pdf,application/pdf,,,,"Loi n° 2017-868 du 27 décembre 2017 régime communication audiovisuelle","Libéralise audiovisuel, fin monopole État, création HACA régulateur, quotas production locale","audiovisuel;TV;radio;HACA","HACA","https://www.haca.ci/wp-content/uploads/2021/02/Loi-N-2017-868-du-27-decembre-2017-portant-regime-juridique-de-la-communication-audiovisuelle.pdf",,FR,2017-12-27,2018-01-04,,,,,
,Codes,Droit des télécommunications,En vigueur,,Code_Postes_2013.pdf,application/pdf,,,,"Loi n° 2013-702 du 10 octobre 2013 portant Code des postes","Régit services postaux, organisation La Poste CI, licences opérateurs privés, service universel","poste;courrier;service universel","ARTCI","https://www.artci.ci/images/stories/pdf_textes/loi_n_2013-702_code_postes.pdf",,FR,2013-10-10,2013-10-10,,,,,
,Actes uniformes OHADA,Droit des sociétés,En vigueur,,AU_OHADA_2010_Cooperatives.pdf,application/pdf,,,,"Acte uniforme OHADA du 15 décembre 2010 droit sociétés coopératives","Harmonise statut coopératives espace OHADA, applicable coopératives agricoles Côte d'Ivoire","coopératives;OHADA;mutualité","OHADA","https://www.ohada.org/acte-uniforme-2010-cooperatives.pdf",,FR,2010-12-15,2011-05-16,,,,,
,Actes uniformes OHADA,Droit des sociétés,En vigueur,,AU_OHADA_2022_SYCEBNL.pdf,application/pdf,,,,"Acte uniforme Système comptable entités but non lucratif SYCEBNL (22 décembre 2022)","Comptabilité ONG/associations, système normal et minimal trésorerie, transparence secteur associatif","comptabilité;ONG;associations;OHADA","OHADA","https://www.ohada.org/acte-uniforme-2022-sycebnl.pdf",,FR,2022-12-22,2024-01-01,,,,,
,Décrets,Droit administratif,En vigueur,,Decret_2018-38_ModernisationAdmin.pdf,application/pdf,,,,"Décret n°2018-38 du 17 janvier 2018 organisation ministère","Organisation ministère modernisation administration, digitalisation procédures, déconcentration","administration;modernisation;digitalisation","Ministère Fonction Publique","https://www.fonctionpublique.gouv.ci/docs/decret-2018-38.pdf",,FR,2018-01-17,2018-01-17,,,,,
,Lois ordinaires,Droit administratif,En vigueur,,Loi_2012-1128_CollectivitesTerritoriales.pdf,application/pdf,,,,"Loi N°2012-1128 du 13 décembre 2012 organisation collectivités territoriales","Décentralisation régions/communes, compétences développement économique local, fiscalité locale","décentralisation;collectivités;communes","CEI","https://www.cei.ci/wp-content/uploads/2023/06/Loi-de-2012-portant-organisation-des-collectivites-territoriales.pdf",,FR,2012-12-13,2012-12-13,,,,,
,Lois ordinaires,Droit administratif,En vigueur,,Loi_2014-451_AdministrationTerritoriale.pdf,application/pdf,,,,"Loi n°2014-451 du 05 août 2014 orientation administration territoriale","Restructure administration 31 régions, 12 districts, clarifie déconcentration/décentralisation","administration;régions;districts","Journal Officiel","https://www.gouv.ci/docs/loi-2014-451.pdf",,FR,2014-08-05,2014-08-05,,,,,
,Lois ordinaires,Droit administratif,En vigueur,,Statut_FonctionPublique_2023.pdf,application/pdf,,,,"Loi portant Statut Général Fonction Publique du 23 novembre 2023","Modernise fonction publique, catégorie Hors grade, contractualisation DG, déclaration patrimoine","fonction publique;statut;modernisation","Ministère Fonction Publique","https://www.fonctionpublique.gouv.ci/docs/statut-general-2023.pdf",,FR,2023-11-23,2025-02-26,,,,,
,Décrets,Droit des télécommunications,En vigueur,,Decret_2021-915_SecuriteSI.pdf,application/pdf,,,,"Décret n°2021-915 politique sécurité SI administration publique","Politique sécurité systèmes information administration, obligations conformité","cybersécurité;SI;administration","SGG","https://www.artci.ci/images/stories/pdf/decrets/decret-2021-915.pdf",,FR,2021-12-22,2021-12-22,,,,,
,Décrets,Droit des télécommunications,En vigueur,,Decret_2021-916_ReferentielSecurite.pdf,application/pdf,,,,"Décret n°2021-916 référentiel général sécurité SI","Référentiel général sécurité systèmes information, normes techniques obligatoires","cybersécurité;normes;SI","SGG","https://www.artci.ci/images/stories/pdf/decrets/decret-2021-916.pdf",,FR,2021-12-22,2021-12-22,,,,,
,Décrets,Droit des télécommunications,En vigueur,,Decret_2021-917_AuditSI.pdf,application/pdf,,,,"Décret n°2021-917 procédures audit et certification SI","Procédures audit, contrôle et certification systèmes information","audit;certification;SI","SGG","https://www.artci.ci/images/stories/pdf/decrets/decret-2021-917.pdf",,FR,2021-12-22,2021-12-22,,,,,
,Lois ordinaires,Droit des télécommunications,En vigueur,,Loi_2017-803_SocieteInformation.pdf,application/pdf,,,,"Loi n°2017-803 du 07 décembre 2017 orientation Société Information","Vision Zéro Papier 2030, transformation digitale économie, développement écosystème numérique","transformation digitale;zéro papier;numérique","ARTCI","https://www.artci.ci/images/stories/pdf/lois/loi_2017_803.pdf",,FR,2017-12-07,2017-12-07,,,,,
,Décrets,Droit des télécommunications,En vigueur,,Decret_2024_ANSSI.pdf,application/pdf,,,,"Décret création ANSSI-CI du 30 octobre 2024","Agence Nationale Sécurité Systèmes Information, cybersécurité nationale, centralisation missions","ANSSI;cybersécurité;sécurité nationale","SGG","https://www.gouv.ci/docs/decret-anssi-2024.pdf",,FR,2024-10-30,2025-02-11,,,,,
,Traités internationaux,Droit commercial général,En vigueur,,Accord_ZLECAf_2018.pdf,application/pdf,,,,"Accord du 21 mars 2018 établissant la Zone de Libre-Échange Continentale Africaine","Traité zone libre-échange panafricaine, accès marchés africains entreprises ivoiriennes","ZLECAf;commerce;libre-échange;Afrique","UA","https://au.int/zlecaf-accord-2018.pdf",,FR,2018-03-21,2021-01-01,,,,,
,Arrêtés ministériels,Droit commercial général,En vigueur,,Arrete_2014-127_LicencesImport.pdf,application/pdf,,,,"Arrêté n°127/MCAPPME/MPMB du 21 mars 2014 licences import","Licence importation tissus coton et produits pétroliers seuil 25k FCFA, agréments spéciaux","import;licences;commerce","Ministère Commerce","https://www.commerce.gouv.ci/docs/arrete-licences-2014.pdf",,FR,2014-03-21,2014-03-21,,,,,
,Décrets,Droit bancaire et financier,En vigueur,,Decret_2006-261_CENTIF.pdf,application/pdf,,,,"Décret Nº 2006-261 du 09 août 2006 création CENTIF-CI","Création Cellule Nationale Traitement Informations Financières, missions, organisation","CENTIF;blanchiment;LBC/FT","CENTIF-CI","https://www.centif.ci/docs/decret-creation-centif.pdf",,FR,2006-08-09,2006-08-09,,,,,
,Règlements UEMOA/CEDEAO,Droit bancaire et financier,En vigueur,,Reglement_UEMOA_RelationsExt.pdf,application/pdf,,,,"Règlement relations financières extérieures UEMOA","Contrôle changes, obligations déclaratives, opérations autorisées, transferts capitaux","changes;UEMOA;capitaux","BCEAO","https://www.bceao.int/reglement-relations-financieres.pdf",,FR,2000-01-01,2000-01-01,,,,,
,Décrets,Droit commercial général,En vigueur,,Decret_1995-820_SuiviCargaisons.pdf,application/pdf,,,,"Décret n°95-820 du 29 septembre 1995 Fiche Suivi Cargaisons","Manifeste électronique obligatoire OIC, délai 48h avant arrivée, validation 24h, suivi temps réel","OIC;cargaisons;douanes","OIC","https://www.douanes.ci/circulaire-1317.pdf",,FR,1995-09-29,1995-09-29,,,,,
,Décrets,Droit commercial général,En vigueur,,Decret_2016-112_QualitePME.pdf,application/pdf,,,,"Décret n° 2016-112 du 24 février 2016 acquisition qualité PME","Fixe critères définition PME et conditions acquisition ou perte statut officiel PME","PME;définition;critères","Journal Officiel","https://pme.gouv.ci/decret-2016-112-qualite-pme.pdf",,FR,2016-02-24,2016-02-24,,,,,
,Ordonnances,Droit commercial général,En vigueur,,Ord_2013-280_FacilitationEntrepreneuriat.pdf,application/pdf,,,,"Ordonnance n°2013-280 du 24 avril 2013 facilitation entrepreneuriat","Simplification procédures administratives création entreprise, réduction formalités obligatoires","création entreprise;simplification;entrepreneuriat","Présidence","https://www.cepici.gouv.ci/ordonnance-facilitation.pdf",,FR,2013-04-24,2013-05-15,,,,,
,Lois ordinaires,Droit bancaire et financier,En vigueur,,Loi_2017-802_CreditBail.pdf,application/pdf,,,,"Loi n°2017-802 du 7 décembre 2017 uniforme crédit-bail UEMOA","Contrat location avec option achat, conditions juridiques, protection parties, financement équipements","crédit-bail;financement;équipements","BCEAO","https://www.bceao.int/sites/default/files/loi-credit-bail-2017.pdf",,FR,2017-12-07,2017-12-07,,,,,
,Lois ordinaires,Droit bancaire et financier,En vigueur,,Loi_1990-589_ReglementationBancaire.pdf,application/pdf,,,,"Loi n° 90-589 du 25 juillet 1990 portant réglementation bancaire","Réglemente activité banques et établissements financiers, agrément, fonds propres, supervision","banques;établissements financiers;crédit","BCEAO","https://www.bceao.int/loi-reglementation-bancaire-1990.pdf",,FR,1990-07-25,1990-07-25,,,,,
,Traités internationaux,Droit commercial général,En vigueur,,Accord_Bangui_OAPI_1999.pdf,application/pdf,,,,"Accord de Bangui portant révision Accord instituant OAPI (24 février 1999)","Traité panafricain unifie régime brevets, marques, dessins industriels États membres","OAPI;brevets;marques;propriété industrielle","OAPI","http://www.oapi.int/Ressources/accord_bangui/accord-bangui-1999.pdf",,FR,1999-02-24,2002-02-28,,,,,